,addr,amount
0,terra1c7m6j8ya58a2fkkptn8fgudx8sqjqvc8azq0ex,488105586577864
1,terra1fh27l8h4s0tfx9ykqxq5efq4xx88f06x6clwmr,300000000000100
2,terra1f68wt2ch3cx2g62dxtc8v68mkdh5wchdgdjwz7,90116063211966
3,terra1hncazf652xa0gpcwupxfj6k4kl4k4qg64yzjyf,77202968410460
4,terra1l7xu2rl3c7qmtx3r5sd2tz25glf6jh8ul7aag7,11445541712482
5,terra1627ldjvxatt54ydd3ns6xaxtd68a2vtyu7kakj,8186860911527
6,terra1dpe2aqykm2vnakcz4vgpha0agxnlkjvgfahhk7,7274358222875
7,terra12u7hcmpltazmmnq0fvyl225usn3fy6qqlp05w0,2579564870171
8,terra17k5vg2zhuusxw9ngjs3482neze43k6cs60a7wv,2000000000000
9,terra1p54hc4yy2ajg67j645dn73w3378j6k05v52cnk,1908331212508
10,terra1590axydgjqv7wzt0l3zd2c8l4947pq42f8vatj,1000000144914
11,terra1au9a6wutgqvlrafshe0830muvkcsutp0esq8za,950794277318
12,terra1wqwfwh797tf77e2xpvy9xx082pwpxxlm9x4xws,827196279217
13,terra1hk7fturdl9fnvrn566dxer6ds7v4jklp2wqmp7,708585081251
14,terra1w7v0p05657wcunzkut0wy0rat3flecyaeue357,456559503706
15,terra1tvld5k6pus2yh7pcu7xuwyjedn7mjxfkkkjjap,300925908046
16,terra1z2xxpmzlt6yf8synrm8eqye8tdu0sdhjxkqruh,216787584349
17,terra1s6qr4fmr23m5gspt6zrznamvp48junk5qfc4pa,200296125299
18,terra1r9zx9ar6us4wlr2k7xzshw4w6sdurzyzmhjuau,179406716058
19,terra12v9ltjgct6qsaw28j5m26z7ruprhxywkmjfspk,177644559083
20,terra1w8nc8ev0ylg97qnj080np4lnljngdvpd90ev63,170560248268
21,terra1dqvh6aynx6q0mxuatd3apderrx9uq4p9qf8rjt,130249769188
22,terra1rq7tccfk8vc3xcpwf8hqpj2avvkfye7j863td6,117475361200
23,terra1p7mmqtrjz0wdp0lryjrcl0mfx3e9kr8u6ma4p6,103225969977
24,terra1mrtvezrjrqhw7vh9m44kh5uecvt92y506m2yw7,102180302252
25,terra1g7uc4lp906vth64f0e57prgx9mz58lpn4465gq,101537363694
26,terra1959ud9g66pzf9p0tzhvwek0at9mc3x4j0z5urg,100669843842
27,terra17kw3y4302ak47400gkrhgdguj8j6cd48h2fq29,98554549958
28,terra1vqh3n58ln0xcfm8xa3fhttaz2gemqgrhqglm5s,83781197256
29,terra1g70nllnylv5fkhstqe6ku2qp6c4yjq7z3jphsa,67833411761
30,terra1cudc7eqhcn6gp32drajcq3tnu8clk0kdjzp39q,61117873737
31,terra1rw3y58vlh3rln7vv20wgk44z29ypaqj5swa93z,53285238906
32,terra13g7etz4uczwcprxdah0n6t0kq0tcthep9ntxzg,50999999900
33,terra1q4gu32p206snj7tst3kf40eh2tz09c9ve3mwmy,49668373529
34,terra16k7zwafj299q5axy0jps9z8vz88lrwczx7llmf,42551489105
35,terra17czwu6s6jrjh5vc4fulqpqrwpurdtraaksfqy2,40237494943
36,terra127cz9hnjs9dxjg2txceyt5fk5kwh7tvd06cw7m,39469753168
37,terra138jz60f7z59c2u90vxv0gf862trrqjqg25njjr,37967398884
38,terra17qqlglt6pql839cqdujz88vsmzrehmw6nl22vk,37661901941
39,terra1gjg3qeaz2k89ztle4pp5n6mjggm3w7vequntwx,37000437486
40,terra1ny9gg57a0s2tztsrdr3cvhzsttx2peg7nfn5v7,35155994672
41,terra1k745gen0xjvxrmxrw72u67lyyvwdu3dpvcjlc3,35044306534
42,terra1q73q9p3pgckkxlx025edc9memaq8lzc9xvy0np,34999999300
43,terra1mkul4ereqrzk2hath4pdfeezcqq64ze26d8l37,34775902953
44,terra1xpeldxwhrcxhnyf6dceahyz3vxrkwmp5fudez7,33438778839
45,terra1caqhemrzj805kygapla6kn5u2cd3gud72sfs39,30936090134
46,terra1cwk4s0jtvt69mawaqsay2a9h20cgqd9h5c2qgk,30000571792
47,terra1k2ahdetwst6nksfy85pyu9c0z29xapx0acflkg,29068745175
48,terra12zygxs9v44vz6v4f97dfrlrgqcus0686v3cg69,28087808160
49,terra1ap5fhwyewflgal707gs5gpyv4fqvjvszz223sw,26486955963
50,terra13uxnnxmt5tfnkmeteuf6w7y0sxpav0mfc5j8l3,24324939861
51,terra10gy9r2kqjnm6mwqksc74q36d9hx9z8h3hu2jm4,23962852438
52,terra1kyndl58gmxnz859j9wm5k85lwzqyhc9jqw3fk6,23399316026
53,terra1trmkgxqmd2pn94nczhx5mm7kw6jcmrpvuz00lv,23105150329
54,terra1e67hqlgsjavvdma3shewndsdwqwauc2zsx3aax,22625346639
55,terra1wvhsm94c7lzpvd9yelhldxep96lu9wqankqw72,21521683747
56,terra1hnt5atf0ekfa5fr9rxlepy8x6mfd7n86kyrjer,20915033833
57,terra1udtpl36sy7zs94pmq89hf3urzzwwhu4rksd94e,20590900000
58,terra1pufczag48fwqhsmekfullmyu02f93flvfc9a25,20221271788
59,terra177520jym4vnd6u8kg5xscnjymvrcutkump5mv6,20198333503
60,terra178uy0sr0mdke2qf4ztrj4sxvuefuexcnu2000k,20130521577
61,terra1062ptm9srusyh25qejkxcf36wy4m8nh0paf4y9,20045020774
62,terra15y79vesack8u7up533rrh80ata7272uv87vw8e,20000994373
63,terra18m7q828cja3ndkecugz8d5cdfa07rmkr4dfm20,19399642960
64,terra139f0tkap54m6tqvxefdxggy0hravshkeg9wkjt,19257398643
65,terra12cldnfrnq8250n4ae6p7y7gu4rn2c83te7ez46,18437807860
66,terra1p6tn3m7qld7030qj23uzhx3n5katt84wn97mcf,18383341619
67,terra1kcjuvv3eygj9f9h4zywtv3jcu8kna72vdz2kak,18169764769
68,terra1qweasagmfvgxdz8jjg2xk7llgftfuu7y9gv5hu,16974323749
69,terra18g6n39kyrf8mnzm8skkx3n7mtnduxczzxrl6kw,16868443085
70,terra1zq0cg5pf6kcj2huhxfugn24tssahm5u2h9rzrg,16156995749
71,terra1x04m55m88rh22c7a6ulkqmqtufenyk56nd9kpc,16087666330
72,terra1le80y0nt8qqt4aqjgghqpx6vtmh7z3p4y02fkq,15999872192
73,terra1nfkkckedyc809ykptxtmy6zm0sj7y7vddnauts,15912733705
74,terra1fgzfd80sqejd5yzn6uljghqsvw2sgz8xqadyt2,15904793001
75,terra1xwx9h099scnmcmvdgs9pq72r4jadgk0yqvv2cq,15792938689
76,terra1exu3f6t72x7w06ppu5vu5m5m9s4glywenfnplr,15742710033
77,terra13auw59rp4cgjuzc6zs63f2c6qn5c07dqw349u4,15425522889
78,terra192x3h5j94nny2vpqrrf2g4f3qxdvt4w77g0kr9,15081476922
79,terra1e5mqk7h4ns6336denve9lyt9cgej66c7lg6chj,15000114645
80,terra13mqnsfte39jqav5zn3vmawcn9clj008zhy2nhr,14973664670
81,terra14t6vc3s97rmx4x9e4ey6ghclf22uaejtk86yht,14756038846
82,terra1zurm2x994r3xvqmy85fvqkhtqk9nrg7l4y83h3,14672177743
83,terra186hnmp8d5yxszw5qmtylnx56a250skyvjz07xw,14644980084
84,terra1rjl9pa8033xlsa4epuulnymgfflrq493rfatfh,14481399849
85,terra16haw5khlq5974ysdpfumduw0gk3gul07qssfhg,14302876493
86,terra1ja4xnp77v08cpsglwdt78dy86a9647msdycx62,14224292688
87,terra1achgcl43f5d2e2y7gf0rnjd63tehpm8n5jyaqw,14163512569
88,terra1um84w8kd2axaxys0ncx0ejcf3mew77uc9uzmvz,13202189962
89,terra1w9v4f502g63w5yrskm5y4zm7dn5d6jky8ad6ye,13070992518
90,terra1x4fgz4tuzegds4z949zys0tx8qv90x9umf7hr5,12578183506
91,terra1308z4dde8endstqxq7n4tx9cr5st02zyph4j0r,12230197081
92,terra1ddh04ekusdpdk5uvqqjs2tg8jgxsz8akf387wd,12059432087
93,terra1xx5fq3lpkxufpxn75tggqku30pp8k0fhdukm93,12022374311
94,terra1g02ff96mm04esg6t54ru3j4wkygud38vh5kfuy,11743364117
95,terra1ssghdu9y3cxgs3j7ky0xucccq55n9dn68d5aev,11701654470
96,terra1yt64vphhm6n3uvw0xmnxkzfrckftzpn2cj4n2c,11536652907
97,terra1ea4n2au2jh0hx25axa22admagu5uxlsl9uaku6,11369346345
98,terra15gw5acwwps299jzcc6khfsn2r8u76wxukw2203,11348453651
99,terra1z5psscugp36dtn39hsveuxmnv5yezhwdn9qhft,11300624384
100,terra1suw3e62pdv2m5hl3c5jqvwt5ax2phh78hwp5kq,10940976888
101,terra1qlzszc9g37e7z34ppjc7shtkxxk24k3ce2s3wp,10726845582
102,terra1grj82gvuszr6zc3nfsw0njruw0r5jz9wuqagae,10465714001
103,terra10kedcyttxskycy77xr9legjq7yu7whs4f836ey,10403500102
104,terra1hphqgte7q24yd6kdzm5w2hym88k7vn54hr7sq9,10308375424
105,terra1a0zsx46h8lvv3r080lel5raysqwjh2pdfl4c68,10305874850
106,terra1nqw5w6j6r5h5w84meckd9t0x9uk2gjcyqqy7he,10221765654
107,terra1lmtrzd6v6qp3fp6jhyp3747cszex8r68qt7v3q,10156253758
108,terra1f7pqq6ufrury7z635pp4ev9w9l66cysmghj8vf,10010748933
109,terra19q0p07jjyazpkaj6ml6g8aj46uqtgm5vc2pcl0,10000449732
110,terra1yjvzm5rv8ytpwelymu0y5yyvnw47m75kshz3ma,10000000000
111,terra1tyn4eu2j0y3z53tz5u8f86w9lrxl46p4qe6xcf,9962908387
112,terra1s7rc9xjrgxd7ugsq7ncmlmcwqdrx3h389lj75e,9924664892
113,terra17uw4g8tuuhh59wamrue329fgrydtj3xyc85hj4,9877404301
114,terra1cgkyxs96lggxdhc4h0hemrteuklrclyajppgkd,9610902122
115,terra1nl96s47cglr5uk2lvh57vher2zaxqf3z2amjf0,9537747095
116,terra18dqeta65a9vfsqnz827ey85tuem82w4dph6p6u,9532012658
117,terra1e6yftxzwa43axkvysn3f2yaxpv5zyvdyrl8rnc,9528876872
118,terra1jq0rmjy65gpp7xk2cjzgv74e0rgt6y5dy22kwq,9339872617
119,terra1eclvhut790dpytncmknmxajjc5y6fsa5pqw06d,9259220934
120,terra1pw9s8rkf8fuaj6g0vvaegkan0dtjp33u7tsjdt,9194841816
121,terra1s354cy63ygs0ydzwxwj0v3x0k8mxzmasgwkqg3,9105919323
122,terra1hejutdnwwy7avgz8dlmt4fmetpun27uw2sefat,9053836660
123,terra1hk5ses2nk47qdfn257qayld0df3rkqt6223ug8,9047317064
124,terra1nvqtv48m7na50uvnuute0mqyhzupj0jv870wju,9007147740
125,terra1lje5syk7wzuswhcch5l8zyqtmyh4ztx7s2pluy,9000914061
126,terra19kse5y3jggaeulycln6ack4jcadvun8ud5777c,8913324248
127,terra1mw009wgtu5f2ergnvf2vr7wqts0aezuua3ntms,8837703216
128,terra174p9gs05dmewpjzxlgmcmpl8u0esx7z03tg9t9,8738755534
129,terra1suz7q0lq93qz90ged5nuzkklde9s74yuu9sv3w,8673703158
130,terra1lhtthfwy9fxjq3nd4an8avqvfuy40hlrl5g5cs,8511938699
131,terra1alc2a5ffwrmvkjj0aglxwlntdr8665z7vq7000,8502923886
132,terra1xpmwh39gumkc60t2f976kyzc24s78rlegftmf3,8440544688
133,terra1v7t6m943td7grwz7duckvngjndyjt9pg9txa27,8421293968
134,terra1uhg098zafkhejr5tsj26lgz0l0gz6h0fwjcan3,8412089804
135,terra1rkr4h6s2lqa9kexshvdtxd4a7z934wf2gdt9x3,8200905631
136,terra1c7gv8f87khhhnufczptxa7xy8ag3xrud6lt7ck,8062917183
137,terra16304nvhv38ff5mdc6xexz62dw3hqvwq976rw8v,8057552577
138,terra19mmnq53xyqkr9qzms6nf3tup09vx84u7knq9zc,8041994531
139,terra1kezhmynnhcvmx328e5rzwkwjgd20r2p0gcsymd,8039235075
140,terra12q4uktsscu4504lsg6s8r6vk4xxwwg7u2lfhgz,7940211719
141,terra1qgaejaulft5madhv8w8u6e34e6g7e6zypth2yw,7833332554
142,terra1udhjmku7ca680mrjpwa7ykcsqaqxn6r8rqcqtv,7828825405
143,terra1prr3nsy4m5ra53ger250uajfpl96qf6zmtf6l6,7802425755
144,terra14uapeeadtcx6nwjtyrgwt3wfptmn5eck68x4dd,7718100772
145,terra16se22xlfp3zz53ateqqtja3ut2h9r9z9vwf0nk,7713982746
146,terra1evgzaxqdmdqdyr50q7zq8l4kz2vru4u5jhadmt,7697632191
147,terra1vv9588pdukhmk3p7g9ppkgx4wqrkc7pxy5rats,7671067242
148,terra1mjx6n3hjhz3v4zgzuccdx3aqcn5dhk4hr89758,7591892593
149,terra13etweh5rm0rmjl2q88xd46ha2rkg8vh587fuku,7485966183
150,terra1jsmue5kqa7sqmtyy9crrwzu7j4f0pyznu86jfq,7482333159
151,terra15yp465lhskp9ldun5nq2j7ru9fnhvwjhu3kl4g,7436117497
152,terra12dauu4xelx8p8002cjuv8pdrvtfp47hkszsp2f,7355357015
153,terra1dvyksx6slrm8sey484297rg800ky7z7ra4u935,7314929991
154,terra10dppf3ye5awuh7s87gre0kgjzxrh52w34fk7c9,7281707490
155,terra1r92jwnae3j0avspn749e659z3s7cza5csry3w5,7264817469
156,terra1xnlq2mzjheugyjcx0mssh5wstgppzllfflkj2d,7235946891
157,terra1jusga8740pgzcuf2jresxwpyd2k7g20kcew77q,7200413848
158,terra1tmh66l323uwvj4aw62dkjp2sgxucmxyjgnxhkn,7176621429
159,terra17t4qpdakfprwgkqrntgvjp34qp6hjdy36c6ugk,7044545609
160,terra1rcr28tl3dp786dy5wkn7mexw0g2pnm3vj0j9x6,7015390862
161,terra1h9fkqtgkgmpxjzwvnquq4j9d4uhdd0hf2z696n,6976329293
162,terra16ztvmhrakt572026zmmxar60frvpf8q3zg3zhg,6968833526
163,terra12chw9xgz3wg6q50vtqru932n095pyt4lwxg97c,6961776707
164,terra1nvje73wj6g7jv5sdcxqfvx59js6fx4w29lpm33,6934167608
165,terra1w58snmvtefgcwls48vkltqdg7yyn5dxfy070ye,6901867352
166,terra1a08wjhk90jjxfa2tm7na0sckjzlxseq5ck9xme,6830250000
167,terra1j30m5ekzun60gyqv4xu8q47acyrd5cdflunuxp,6798669660
168,terra1fkau7n9snamxt405l666482ly80amn6f9pqngd,6773356619
169,terra1fmlqg5m38juf9nfe5amuwjlqv8h84xqhsajk3s,6745584484
170,terra1gktl3ykgq8ylrnl4yujfxl3k0gvjj9t8hk9t0z,6722983769
171,terra1kllmeckufu56z0su30jmmnlqstrmnneuz7jqya,6707045616
172,terra15k7wyr6uzng6j2j8x27lp9g5fjyt7va6xvhj5d,6698670482
173,terra1vjwrvgmp0l2vvnkpdk8dtrxfqfdf53us3tgqtv,6673917620
174,terra1nel3mggkwec2m928lwgag5km0h6rgm4hmgdvmy,6667149857
175,terra1vhq2wzj56s0ucggdat48utveetkp6wccspd0lc,6530894498
176,terra1ghljk0m258j7drgf7svqn8aq3tlfjnjqwnjmm8,6455630512
177,terra1704md4j3w36qmt030h2453uwej5mz9mldaqc09,6432123000
178,terra1p6khvjv574ryp33ks5sg6uqqz4rppmkk3j83r2,6412361169
179,terra1m748r0n6af8jku5s09d88ywdm74zkhqq8drtac,6323563887
180,terra1p90dtfyvu8jgwj4fkdkl8x903j40xfd5gs03ml,6319337573
181,terra12w8az59qqcqrr8xhh8wlccxsu6kfsmuvq294gg,6256191672
182,terra1dvk649ydmxytj8fylgfre42v3sdyqm72z2mmdc,6230225027
183,terra1pm3jwcg7tfk43ajwlwczcfyvy325nm2u4jq2mc,6216424826
184,terra1staqhvn4ev64w9l464gjwwt7rafx66a0z63xgq,6184535279
185,terra1zv9s60qvay5wz3fszfxqpdgmjcmrngplefd034,6176080969
186,terra183mn8aj3jymn90h4606ywpwfjs9wvd4emqs6l0,6175804437
187,terra1cr72gl930e5lahh8v36glhvw3gfyzl9wrn48c9,6159977603
188,terra13f5aqum89yqt24padzwpv0xlcj60ka9qlvar2n,6104408921
189,terra17ngncfe9cq5qf58yj8n30wzhd8kft4rfax92c8,6031596768
190,terra14vk6e2qtc59d09vq8a4r5jz37r6up0nq3naj5e,6025699955
191,terra1rhfnmk2se8vydwrsh50wlgzqhjjgvewvn772pw,6019869082
192,terra1rps66nrx6a28d9z9nrhg2me4cj47u82q6222zj,5935925219
193,terra1jrzwgc7lg9s7r5fwq4rs3yvjjnshj33dkdkyxf,5931608493
194,terra16w9t2lnrqajgqx0r3l9n94ghy7drc5mz7dsmzz,5918951591
195,terra10x0aaa56zrwj5t36msfdcx4jhc86y2h02shjpl,5895475664
196,terra13s9nkjkswstkwc26v53m9qy8jggmpngwh7gfdl,5882912107
197,terra10c3a2kvwsdf847rjaztm5gm6njv0mca8hlcrfc,5872198197
198,terra108lcf6tekmdml637m5rkmucsev4kfchmjclcz6,5870666047
199,terra1kgq5e58vazpjdxq6ny6s7gkd5hjp8dynah5h3w,5851084982
200,terra19jjjm68zfhx9ehwnr5lnq4ycekdfvfhprzye5a,5820194130
201,terra1gzceyhy6hrprhslrn9tjvje5s3kkrzreqemcna,5775406634
202,terra1w8p9de8du9uyp9nlf7837p3fksmft02gu3ly66,5774511086
203,terra1728mewhrfaz3rz9mtjjy07g4pm4hslal2en9zj,5754817798
204,terra140ruqkdc4j5376l5z59vsr6mxpvdmgcudkjvud,5730151758
205,terra1xmzah25gkzr6c08xdg8pcn3d79d27e9uqknxp2,5697943054
206,terra1tgvg8g2msnd8hwae7ajtq79q7w9vjm56f2r9aj,5684230294
207,terra1wk6fch34tnsvrjvramcs2l2phnhetxvh2g2cn9,5606525988
208,terra1swpjc9dhshcvlejghma676yxtrnafhhjxvwu37,5591190123
209,terra19x5va8epaesrhfycy8hnke057h876spa7mnv2n,5584151909
210,terra14h5wz3a24n406p2gzxk0l5y44p5dh2hjgyer2c,5571763391
211,terra1um277zy9yxtrwplnjxp5zjdudnup56ld05hxrr,5571763391
212,terra1h0xr8lmua7n26lyvpezlkq63ktgjtqay3pve53,5571763391
213,terra1wuy7ywvwxccmh6xc4y2j75m64wfgq4ds07qz22,5552064376
214,terra12tz3rxjnyem46h4sk4fm0y4vl00neazuyup9f2,5536433812
215,terra13m3h7m6vjxlpmhmwun0lahltfay6f38r96gqv6,5518454451
216,terra1rvfe95hn2yznmjdkn35vzl06hqyy2303y93t2q,5433694624
217,terra1x9ufa98stktkl7677q0ql8chzas7fughrn0gs7,5424925381
218,terra1rtu8kthmryaj6j8j9ruzcp74axffp8r625aml4,5410255920
219,terra1hqr5hqqnx2k46kzmk6unl0zw2a8y9c2pfsnnlc,5370301296
220,terra1sw726qakw0an4j4sv5df2jetmcz7c2ym40whpf,5351644826
221,terra1t4958rh40zxz73hegjjuatx6s5s2epcsunue8u,5342889393
222,terra1nw9m2r33s5tr23fy4e6q5fmcjzah9nzk9j7326,5296452671
223,terra1u3h0takrf0aqtjxsztktljuuglvxgsl8vd7w2h,5293213391
224,terra1l93etuzzvp47lkaytl4glhfgqury8zvstwskua,5252853054
225,terra1a9kdtzycxxmcd2heqda4ua8azvhul9yqg8jyxq,5202576860
226,terra1ar30tcuk7hxjwm0883m4r0y0g6n6yym4kjs7r7,5193237487
227,terra14n926teedzujawjy7l9ef6v42wygcmtlu8m8yy,5187556232
228,terra1zxgq3yh872uf80vhk565qt9cqn7p8fh5qf0r36,5174429978
229,terra1mgzlz9weu4h4yx0l70ncvuac8h4st2muttx9hr,5153259238
230,terra1gcwp6aq5tkq40ctfnakmnr8lx6e48tht0n0c20,5091671333
231,terra1d9hqntpzrn4e8jl5wk63artg52gu8jljpuypaa,5054254955
232,terra17xdwrhvzl3u58ht2h9csf6zkyjdppmmlggh0v4,5045240843
233,terra192d3er9qdknhq42rq9gkuwlaahkge36g9lhac7,5016398965
234,terra1pgu06pjhj9zamq0q8l8n62uv7nl6wxrh2wsggn,5012397845
235,terra1d5aadz047d2n8afee5q2dgswugvnd0h6g2340m,5005994162
236,terra1wwntl7cmt5ux27dght9mtxzh8mv28kvavtjz5d,5002293141
237,terra18dn7v4puh2t5flfvaf738qjk73jlauzhs5e5tz,5000748762
238,terra17phfdyjtsxkzzghej9xz0uqvrx03s8pvxs2558,5000266400
239,terra19ty0k0668xgpfgrme5y6y7wus3tc3pp7tc3j3y,5000165416
240,terra1gdn2k0wrp7ttgqvn4h2jhe7zgygxakmdfmah5n,5000000000
241,terra1yz0tx6ytva8frjhac66u6ks4xfku73pjwgjww2,5000000000
242,terra13d6lslceeshqwg86xcv8dnnme4r68vg86aeaqx,4977948929
243,terra1dec3xj2e7rctszahcr9ckqxc57zc0wg9k0fhhl,4929546164
244,terra132fr0934g3r5v30qqcss8cg978qzqaslcey4lm,4922697255
245,terra1lmgkm9gea8ykc5ltsvxh594u8x4q9v094whkyz,4865697488
246,terra1ld7f99zq2jtqqgjqx756fqer9zk40kugn4z4v6,4819407996
247,terra1c0jd5e6ce7exldr94ax6cau7zs7jdrfgx7yxxd,4808177235
248,terra1w49k69lsmfgdtpps0q9lm48p73sruj9g5fh8gw,4805174171
249,terra1p7s9ghdc8w3ztcx0hy477p0f974nv85et3trk5,4794811952
250,terra14mqz22wc4tv7rkvka7yprwg2v5cux74v33e7tm,4774540853
251,terra1q0nnd3zuz7aexzdmy8guv4kmc98mmjmhntjarx,4762863159
252,terra1lda5z8dpgnr4ste92j2s6504tnl4hau7prc30g,4760888022
253,terra1sgcu0qzfceas8xzs4gqevxvldwfmuk3rpcafcq,4746669329
254,terra1kcevvsajax5tv5nmd96lr4wulnska64l9ukv9y,4746481265
255,terra145c55d2vepf43hnkf84l9mz2azxwzzer2xxqaz,4737355259
256,terra1cchn3gjcys9p0v5dywsf4ekdd4x4wtxy4g6pd5,4733089533
257,terra18xzyxlmncudlkh9ujun8376fyjm3me7t32vnu6,4691981952
258,terra1405f75dqh7dq0x6a779mnts7vs7ml085zgvs43,4684497341
259,terra1qtzt7kvnc5gl6lpzessvm9rrsh7fj8kqua8fe9,4643364313
260,terra10ygfsxp33gcj89qg36vvfp8r64qvjkjp96a7sp,4629425209
261,terra1dd3s0t9h20nph8u0t7rl5ps74lh2q6x8evwr3q,4611588627
262,terra17zcn2d2uarvzr47rpgj3r8kg28qne9akh702nd,4526606838
263,terra19fdmq8mypcvc5jrrmd2elaz87svsu8877y2qfv,4510824854
264,terra1f6ghhk4lv6dszsthq577tlpdrwrjj8dtlr299z,4510005222
265,terra1fjquyucxhek7ut7h596mwcrhfllyr8mvurfpmx,4473176690
266,terra1h4xtl8nw84trp58pld6qp094dr7jsuj87dm73u,4416904179
267,terra1jhfe2ydslasz2q3qdefktq0658wzd87jjdu4zx,4342548826
268,terra1qd22vehf4nvjfyt8hxe9m5fuvvsqfpwvqw5rm7,4313692180
269,terra1khfylvsr93vsguwqsgjjs7pqjdm5l9lgfrnpu9,4312929327
270,terra14gugpnz9ulfupdwzd3l3l39wwyqnkqs7j92gme,4299914468
271,terra106vvdwsuu4adtam7kutzegqks2g8qz3uuwypky,4294988705
272,terra1cw3eff76ek5cug8ycj7plmu7csgzey5ugnetvg,4274373456
273,terra1yrr0hvqv5zxtf2nmzpfemcgpclw89f4057s5fy,4270040324
274,terra1vkdjeq984mr9u83g7585qtu2jzh6tt22ff8lqf,4254576128
275,terra1l29n9ghp2hu9a7xhcmh2q83jgh2244hfn6mj99,4251967920
276,terra1du7m2lcljrwj0qpa228vv58ru52cmnjg9v89mm,4199864330
277,terra13ehrnwyx9x8a477rtgerct6umts9jh5gneuh2m,4199315461
278,terra1hhuz5wan5w8c27d50fc7vt4klr2g2dmc2quurd,4198604913
279,terra16r3r54653hgxh3kdsuqfdh7u0vr7upeys88c6z,4194811616
280,terra1mrtqxga4cgyagh2s9v5ghdhq0xa2rjdf8l3hme,4122257118
281,terra1tlfv690n6nae6h9tpdzq0e28vm5uvyz59p92ug,4120020239
282,terra1c52fkk9g0ztdeupw6rrpgfdqvpn2t3nh4lv2m0,4101028564
283,terra1neghwrrx3qrw2egn5sg2gdmltdm5jaykv4ysam,4093110079
284,terra1s3whz4uv7jz985jlhvgj0emna8ypqs3swhwzds,4090720635
285,terra1uq3wwn9dm3zrnk6gzzv36grmunjdh395nvj3nr,4086998994
286,terra1chnt398q4p3sfhf6vr7s76s3n2hfp6pwlhayku,4078784518
287,terra1edf4ttq7dyfpzep9d3p25qrhelv32sjgfuer9t,4064041214
288,terra17skag8gzusyds2hexv5s85vseke0vxe7qecwmg,4022001954
289,terra1h2u58sev5xnf2l4ymlmqaz8wmjuajvna8ej9nz,4009436049
290,terra1358kzppkaerzz954na6e42nvxa8rftnkwwzyuc,4000191796
291,terra1hzkqx8vq9pqphpyc88zwggmxc0y5dppcqmgusc,4000000000
292,terra1q763a9v9dewnzxdrtek7a7mu9uwvysdqryjedd,3995306433
293,terra1a49p6c4pn3t5ut87gtwg6vw7pvwgjszagte8g8,3972795351
294,terra13dhum7u9kfu2xuapde9553sxcv7wzv3nyzttuz,3969500702
295,terra1gf564xgpph0lt8sqhrdrtkm5hmaawkf30dg8rm,3962855277
296,terra1hwn6j5x9pzmrk9revnk4dr3scp3dz6mnm3u9vq,3953116441
297,terra105x2td72hkva0xmk2s8hy54e74054aq4ksgx67,3942221297
298,terra1cjdxr8m758vnhfgjz69fhxxtcn8xzkafu7sdun,3930457897
299,terra137fzcde9narzxeqvdnl3204hexmvffvu7axus0,3929392005
300,terra1t3a79fup6wpdzjjme5l8w3rvh5pddydn2n6lrc,3925915183
301,terra1jultlfcfvn5jnrsvl9u5zej4t33fm7hnxl8l48,3888662208
302,terra1tz9w32zjwzepqeuvlraqt90j6836ar9ydkeaq4,3860110168
303,terra1ljhr99qh3qqcsxc8k6ray6uql69kpecctwxklf,3859976084
304,terra1haplw44nwttn7asv0zts97klve8kpphns62cmk,3790315507
305,terra1dgc28slhraf6qgvgac28xwr5urwmkv6tk6wmtx,3768981524
306,terra1j76whvucjujtvecn7gf6r4amx995zn7dugc6j9,3755820468
307,terra15lkfzl4p532gk65gag6vyhafm33cxhvw3xttyr,3734429035
308,terra1wef7fprchertja0uqvhfay9h0nts287e4xzv4z,3725359539
309,terra175aa0mhl0w9h7haht20mg6ymsdwrhels9v8azq,3719254498
310,terra18kfeqs0r4r9nvz04m5hsusydemnvuqxyupgwuy,3708386073
311,terra1ujf83ku9fsx5yyj3hgmr0wwpxrez79kkhtsgxw,3697014947
312,terra1l3lxj26ajvywdfdxk2rl9tfvrsmep9cf4lk8f7,3677510974
313,terra1cjwtnxjy8sx7flgncl35y78fwq7rahxyq3hr9n,3669054235
314,terra1lyctul9hfk3a3m7rl90uj02q54ydjvl44dadq6,3648921305
315,terra1xa0wp4vege2neryd3hs0pta4f0yfp2wrcu2xm6,3638225589
316,terra1356v8xnna2s05tq6tukqey3vhck8m0m9vc3t54,3631051601
317,terra15qa6888smz0l4nw9qx2r7jz9fwzp46tvzx0jml,3628483270
318,terra1ecqcf845gnjcexj6pqld4qhh2dcrfu4ryxqtsl,3595726592
319,terra1wexsgcweztjgdxufw43ug8u2n8s4xkp2sm6wz8,3590985932
320,terra1jt2jzk8f4ce9na573tkwx66aym7c38mmpcfk7m,3580625615
321,terra1rt4tuw8s7qxg24c2e00z8m8lpygeszpn5n8sch,3564767715
322,terra12m995k4re9sk7m97aqgee2jqyuwwa24gcdh7rd,3544912376
323,terra16xzqg92n37mgyfgwy4tza9qan6qmpre0ks8v4r,3519656335
324,terra1uevxg3zj74lmlxy93mcccksn7jjgnm34cj9l0n,3500467405
325,terra12hequwerhr7ydvxa737jfuuynnzvmt0zl4kd7g,3500002425
326,terra1qsl7f8e2xzw6r885w06p0fdwvtreetlzctdazn,3464451154
327,terra149amdxt2ckn5pth4vq5ar8zczqfxxk2a46fgzw,3416404436
328,terra1g4fxjajcymw3ynmjj8jnp4ljah86z9vzg6un9n,3410030034
329,terra1zs6rcfucn79rhjeuh8qtpgjktcllsch54yy9qg,3401900470
330,terra1chuak0pc7uywqemve2cwxslhuzkehcyl7lwe4q,3401286071
331,terra1ru034204p8mca3kwzx8kdcn4vmdrxkrw8mpcl3,3392743664
332,terra12eur58t9rczejwcd204tp7glr7h4yxwg2rm23m,3385527605
333,terra1xykk3wm9evlkndqc7vyr7y9c0yg3jhmygq5vlr,3385212999
334,terra1h3vnxmpq08fqw9sqdffx00lsrdu4vy5tkgq3pu,3378227815
335,terra1hxrd8pnqytqpelape3aemprw3a023wryw7p0xn,3374495041
336,terra1ymy9kqgjxrwt00fw5pp30sc09mlgwn4cd49dt9,3355419297
337,terra1w26t08v0zr7czl39vn7ng685zpaf6xqxppv08z,3353893880
338,terra1wsrvw2fq9rp8xflqd4570h0j4xntqj3z0mdy20,3341151953
339,terra1n5xp2nd6gm7rzstje3zlzh5krdpysc60frncyg,3306350473
340,terra1eszt203yvls2fmjd9k6adh0m2wgyxhqr4agg4u,3300152565
341,terra1sux77fyvudkg9saexvuw3rsw67va8j7nnmpp2k,3295727112
342,terra1zwafmx79hdkdxmrltk8z3xfnhlz6pdqknzyyeu,3284013295
343,terra1jmxkq5ky8m9dkz8tvgypepk5hymjrtgfc3xtgq,3280545752
344,terra1h62u4sn0en5r6ttsxdulzu87yc5pmgqxu76fgn,3273298468
345,terra13srh9y57ae9s25qytg6zk8q2fy89nn2q9ewzej,3263747657
346,terra162ttv3zupc8k3m6dk6nsvrp4gevfawx9e94yds,3236558733
347,terra15mxnf0wxsm5yjrefqrv5ph5v2lhm3dug08kdlp,3214150123
348,terra15eprek39gzwj8kcwayjc9ayzv9hkaz76dvzp93,3204758531
349,terra1qv5stmkkq6tjte40s29hntk4rq4yl49z5yhtv6,3195270189
350,terra1p4wpvm7mlpcqkx44ypurvju3n93w4jddk2ekau,3193765874
351,terra1kp4wya9d50l9cqdce3fv8lmv8s938rnvftffjp,3189968762
352,terra1s9w5dhfmx50lswhmmn5893u0uuux5vgqga8d50,3173096107
353,terra1vyuxd9rap8hyhrsssc3u5k0npz7j9x3tfsdplr,3165984359
354,terra1quvtghve2wlhl9vmlgspdk97tcv85d34sk3qy0,3140151510
355,terra1l3awyzj78x8lnwpp0sjaelp8cq5q2akqrhqzuz,3129804483
356,terra1d838w0srmupggfuhyg7l7j6sgkuga2l6z5ztef,3122942304
357,terra1wlqjnm7zup6htwv7mmz5g84qquedgzu2qz9l4t,3108701451
358,terra1rkw8dfgymzallmq0prp2akcdweeg5tnvftf85k,3102359483
359,terra15z9mnjnlxwkp8s3fqfmyqmlqgh6jrmazz4xu0n,3099756955
360,terra1t8gs47l74uhf49t0s0jfpupwy0fj57clhf2dtn,3093784050
361,terra1wvexn08y884euycaq6228e0gwlyuratn6vn5vu,3078546330
362,terra19gy6f7ld4frcklqe6gxp8adj8q4l7e6lylnpkz,3077550991
363,terra1j86rnpc22kjr8pw3qduzxhltd5lq842mltjue6,3075412629
364,terra1x26hr842tq3k4qpl2w82v7lqmtwmmlrkxlcqgs,3070812352
365,terra132y80xggmtylss0p3g0r95jmnwfnnfsupgkxnj,3061904786
366,terra1j5rtgh6tvhyghyfz8py5z4lgs464w3y5lx6k93,3050314390
367,terra1h4gcxha5xfasnpgyjm7ayy2umjvtq3ayaphpur,3033932841
368,terra158ywwgkuvxwf40tdka4kwzfq47rp2h9266x0gf,3018325512
369,terra1k7pz5algs327g86e0daslhmz57553fqs5lqrm3,3007866152
370,terra1kmv7htq8wq4t4h8phys4jwn9aa0rdqfym3uvgn,3000940146
371,terra1lpslewvs2etplywlsuv03f2589kvy6v9cv5lmg,3000510827
372,terra1r2a5f8m62n5rswf8ateqsd5rdnaul36a2awwa2,3000334919
373,terra1dz9hu0vyttwv3a6h8642w4kv3uk3nupzcrhr82,3000284969
374,terra1x3w6lktqsesaegynsjxmthxsjt72t5hcszeduk,3000048839
375,terra1733advq3ptr7skw7kyyxmjuzwhz70rr33mkqml,2971376005
376,terra1augkzg7rv6x9v26gqkx8amr8xz28gcr05pd5ul,2955464882
377,terra1y05ujyyahxjay5gg9x7g4gcfdtls6krg5d0vqr,2955239439
378,terra1sarunxpqkhq82pfndd3tl99qeyf497v4t8y22r,2944201959
379,terra175wffc3nvwuw6yrq0fhxdad5ylkjcweexs7zxg,2920196843
380,terra18yk2l6z5w2d5e5suq7d6dng8h4ef7gv2s43py4,2908459447
381,terra1kl8tnzgzqvhy9ss3mnwjt4cvgktwhf9f084fea,2906219236
382,terra1jaf3napk3x4z5f97m5grj2k03a585zxvdy2puq,2896220135
383,terra1rz7zufh00k7fc69dk9vfrcj5dccqr4r7d3nexc,2875360850
384,terra1v62katyfxaahgwnksgru9de2zva79q3xgthw74,2871626128
385,terra1j2tmlyhav7rkv9hprmtzmdpnaygvh23j2m4cew,2869683592
386,terra17m0atxpedsvr6aygfm7nz68ahy7mxh8wj2y2jm,2853219524
387,terra1er4gj97elu5m0psatyfykdwn9ngune58nsyz55,2842719792
388,terra1kgfk0wm0urmrqqvktulfyzhylr6dyxkkauvmzx,2837773231
389,terra1dvx0czxugdnkah83ccw6rgg50fsrzld4mjkt8p,2834153421
390,terra16mmtd0fj49muh8jtvpj7yy0ad50cjcyx9rq3xk,2831232967
391,terra1xkxa3z0gpwtwmqmvpkmr4gq4wlcwa637jzha50,2818914220
392,terra1as3w9ccyfwrfsjfd2htsdjs08xdzvn5ktrd98t,2814412335
393,terra1450agxa7hwa07cl4kdhvqk0juzjfxlnmeg4trk,2808168749
394,terra1rl0empqygtayedz36fx5wt78x2nu9axnezld0x,2786472975
395,terra1qv4vw093a0jqdvta2t5tukqfk8hthgdhtrue4v,2760752143
396,terra137mwz9w8vprhdchtcr4kjhzg4at89ld9cu6ae5,2757153384
397,terra1qnqc0256am0r636dkz94h3tn784f8umlkymm4q,2734183884
398,terra15v6d8le5j9dqqqanhpqq5y27a6rwg6y409v068,2720191491
399,terra149k5s8lfepj3kkwn5y3geh6vwms43wqtsqrx6c,2719364479
400,terra1rg83ce9spv8a57t80xmqmmp65us9wfjka2wc6q,2715228478
401,terra1aanccudcgc8h8hksdmsqj4txjes6mrmzdkgpre,2705642639
402,terra144fuq0h8nx938q970nw8df6gchyz70gwxr747r,2700074841
403,terra1zv87e8vzzt0gjufaldzegdn72weggh0lrjv3gn,2696438893
404,terra1smng86edgjthyfg4sfnt2e9ykrp8wretzstjzu,2684245454
405,terra1jy695hqtjva7uyywx337mdyqj96r0c8a85n3ud,2674058546
406,terra19wxy02agk52gnqkquldj2xuvy3nlnjmas4vzue,2671149568
407,terra1de0lnp5qnsz7cr9k3xvs8ydc9me7kppzt4xja9,2670716926
408,terra1jn7h8y0wnkvuc029k4gfgwrpwgc4qrmaqx3wmf,2669376878
409,terra1ukx0gz3mq8yvqa7e9ftx9llh09253dmy4pzyeg,2662138426
410,terra17l76dz0k7cgtaxpuvrmeyug3x5mnmf96ug0uyu,2633230334
411,terra1dqc2crfa5h5nwgmwr8yutqrs8uka4uc4277n5e,2630803087
412,terra18jmeyp0c2au00ltvayu4n7h8wkq9s5646x20ak,2630646710
413,terra1v0lfc02aa9prxl4vln5gqwttygqkscy2hahz2a,2628033799
414,terra1qdrxpy6nx9k024tl676dwy5mm83v20wvq5dxdr,2619172752
415,terra1x8lx8s7fll2hn7fy0urgd7ta24wlzy34zqzt2k,2619097395
416,terra1d75nvg5ld4lkchxys56ke48yjtq2kdg4a94uvk,2611331171
417,terra16a2k0520zjfgwe593na7anpgdujaepyuarkc47,2603971125
418,terra1g483mywmwkj707t8m30cltwc894qd4c4xp5y4x,2599065028
419,terra1hkwfsruc3tydewtwk6jr4sd8ul7huvrf2ltvae,2593903186
420,terra1zydsfsherl2zp3ya2setfddvstk372la2gd857,2577091200
421,terra1w4wfzkct3v7fzjfj9j6n2c37utlknpq5auda2e,2573847044
422,terra1l96h8yy2j0u09zvmcffmz3jc6jpnncwzm8sdmm,2565001860
423,terra18uzk9u9p2jszg0fld78w3qszy89v4khewuh64d,2557884837
424,terra12rudnqe9my9rv5nhffxltwstrh8dnhtudvvtwu,2556329578
425,terra1xgcxdpt2clqj38a6vyj738nqd7xy6gek6t6mq8,2547905685
426,terra1s9cl9qnhlqa75x477f447v0wvm7k8hkt3m65pc,2544999840
427,terra1vrdwcwumjqh8hzxxl8dxpr382adatmlg248f8e,2501494538
428,terra1rhv8szs8gavfz7tuastp3jefcd8zswl3ym2fex,2501443349
429,terra16lujtgekmv4g74pd8cvgm5nsmaar627a5hva4j,2500731375
430,terra1dafkx4wqa5hmn2d7hf433hurt8v42k2wte3xsr,2500727509
431,terra1edre73pllnzluull27hp88krnnulf0aw9gq95g,2493352316
432,terra124l52g2fr3aej0yqtv8xc006s5n8ffhfv4093k,2485614150
433,terra1efk4gerzguuecvv30yyj2lw6vdc7nhfpjtw0g6,2478488647
434,terra1yy903lp5gp2ucm8dnr77k4wgk0gzp0rcqak93l,2476246904
435,terra10tsdc769zzt3f32lhur4zpdrpvgngu4rm5eu4r,2465993056
436,terra1rc0cql4rg9lha7gu5f8d76jrqs244pmgz0e60p,2465175201
437,terra1krue05pcvqr2hfymz49llmfpld0fdh3xm8xfqj,2459125375
438,terra1zkerjtnc4pazqtrztcy9qppkwt23jn0dgnndvw,2458479337
439,terra1t0h6upxyrswdurtfhnxzwlxuxdmy4hgdvh9zza,2456761500
440,terra1366puag2xxsr94d5flvg89se9se7qv4z8yypk4,2446947004
441,terra14wl8w5ar8rq6fpc9yc7wl50awgylq82mwej0sw,2446859056
442,terra1mvzmd8n5xcjmqlvz39362hlgt0yamxyzrheq4h,2445715311
443,terra1wrxztftzgpck6lp0va86k808k5pvanfe6mzp82,2437421127
444,terra1hd9v7en67sdqq5h55smmsylfqwgh7wpex8zse9,2415509405
445,terra18jp79aardepxn4a6xmawffgg3rg7sgr7fqjv8q,2402766683
446,terra1gchmqeaw9g7wuk0pwl5qpfyueqeat33z74ul5e,2392186830
447,terra172kzjk33sddl05nezlxslvvqaasz5ymtptuajg,2391913414
448,terra1enj5sly30kmn0uxhhaylaavfwmfp68xc3sr7vq,2385542787
449,terra12j22w8ppmepmhppjszc6ae7hzgfrwhdul7yt0n,2369580635
450,terra1w7a4wx9udsjaplcrv6t268dnndcx0ygqftfhev,2367340639
451,terra15qu6swk0nahen28vqnlfwcks4dvwk4stnk8h30,2360023791
452,terra17epryksxupthyvhhgt8lgwlkgywwp9zx2qzduc,2357765678
453,terra1n4rgkrkyzkf3hfnlxl3n3jtxqw0es52p4m4qaz,2356673745
454,terra1pmlngfczpp5kaep3mulkv5jmwq7q6wflf4yxg2,2354851522
455,terra10w9zcxw203qsmpp0m6vzlw45yq9sw6lrnspxy3,2324783324
456,terra1w0w7ajskuq0dk4gfcf3xa7zw50v36xskqwrkgt,2302126532
457,terra1s6vygkhv8yd6ku7nzm2504auta4sgqwj0uja4c,2295283193
458,terra1u478nfleuzqrqp3q47w5yf6uwx8mz24jvfc53s,2288011218
459,terra1zeydux3xkdzt58s4pg84cekjm8p6seuls3chs9,2268096258
460,terra1yylj0unh4zkpj5x9t34xtk292qfvwu07q5fa70,2249839618
461,terra1553l88jaj0qaq5wlzs0q9npkh67glr5mpjr7kw,2243602904
462,terra1m8g30k566kpc655e66pg6mdfst2jpztvfjjsvv,2240755006
463,terra1vp69ddstmvwy7x3rjc4njjtdfnl7fewe434sj9,2233292044
464,terra1yr2wpqyy87kptxds4k50rax2leu25krthcgyyz,2233116545
465,terra1pgt5t5y4j9leffwcsptydl2c9ggry8jr90gchf,2232535486
466,terra1q9g7endeh6kfe8cj7skm4nuyf07eq266vuzy64,2222644282
467,terra174n3k0duxtvzs3dxm3pf5lm4ygnlud4ljls2se,2204053106
468,terra1v4euh2tjz7t3065v2c2krqrw4q7eumqd8tzad0,2194901938
469,terra1drp46weh6tumkn78slcuy0jhm7j9e8a0wgf0ry,2192645384
470,terra1q3t4skfev9z0s49eu3af7j80wt50sr0t3lkt65,2192500209
471,terra12j47vuwhd0g74gkzjsa2qdvkwsgqwe2c64wvpa,2191054084
472,terra1cyuhf3vh54dj57evs5pwz7zcus89mm7l72kztp,2188961586
473,terra1k602thrknt8y632lgs8cm5fxtqk9mdry0m57js,2184575049
474,terra1pus76fhsk3am24jmg8pstg07g0skqhuc2j8t8f,2172799987
475,terra1vcff8vsgtg54vswlw0ek68uge20wnq5vuyzldd,2170068558
476,terra1z3skwf6sk8upsj25rannsmyevreg2tg0w6uey6,2166223121
477,terra1lsp04a73yawpar22p7e7fl9l9ktu2e9klntekn,2162955765
478,terra1k36rurmzc53mtvcr8p9ml0hqrxuk7xjqrnmrlj,2158486983
479,terra1x5knw7984nutjg8ngq43atzn9gcezw6dj9w9jy,2156651714
480,terra1xqc57ydph2l9qq3wtgwtnnt7ncespy5xr8sz9d,2148348979
481,terra1q90angdwtjtu9nej4dd6cu2mdm49usqsm49e87,2131885126
482,terra13fwm6szf7f9egq70vnky45v9qq8443l60ujpen,2125992994
483,terra1em2lad2n3z33f335llfna5nwjvryg2fn3gzqe7,2107330915
484,terra1qe46w03a3ymkxc2vp99vukdl060g0rvmpheygu,2107100701
485,terra1k7quzfv6dvg0nuh9gmvl0t2ftpqrdrdwkayx59,2094743809
486,terra1qd2mxsknydle2ya7cxe386xtvgeeaaxc62p5uk,2089411271
487,terra1e3qprkrwdlce00vfstfvunpjggzxwhj6u85thy,2086364994
488,terra1mlczclg2a05qq90hccc7a3fgv6u75yj8wd2khw,2085789524
489,terra1k9qr98aepp80eplhmpxt7y707ha5jwt2nndpfx,2082547382
490,terra12g6f94ckv7rth0y2ayq6c3pnpwycrlsjpmmxtv,2082250972
491,terra1sglzdqlznlv4lkc4qurmmnmfyvtvlmxn0eev4w,2076179171
492,terra1j6c6v7eadf3tkcgnvas3j2ycgyj3e5qdcxr6nh,2074916766
493,terra15tpw588nd6cy8j2vpzrh9a0nf59t4aj6xe2q6f,2073373500
494,terra14ep0tmsch3upzv8vlwvyd7unjy6r8vh5txvm09,2062770413
495,terra178u7unp3y5enauhulfj7qz3zq5fe5slgvre2s3,2059822925
496,terra1fwazd9lyvtp48ck0rqwrc8mwn5pxvn2a7t60a8,2055042913
497,terra1f9zepy4tq78fy5zy2pyr9uajr32ev7p4uu0lk7,2054775656
498,terra1guu2enswhjkr885dr8egstucfrz6gz25hns0wn,2051187242
499,terra18ldlhf0cmhf4pl7mx7lly6h2q8kcmwn5w94fkd,2041329747
500,terra1wjmydm9cqgudklej2dvscyt2tkncq3gfynkkl6,2037508745
501,terra1xt4hymerwvxnujtl35khmre3lkyx64ufpuvz73,2033205128
502,terra137eha7336utz63cj35v00p9qhx29dks9qy4nw4,2032221785
503,terra1zsmxgqmztl3tznfs5tjng4s6spduh5vd9nykvh,2028663208
504,terra1m9pnfvruensxarfeuf7ecruc40fgus7ykhhqyj,2025488790
505,terra1ee0sulyx76vrvwzpg3x2f3evnqptje7gjeepgk,2012743078
506,terra1qvp2mk8jakmx47pykg2qmgq6n5l408sdel0rch,2012239589
507,terra1t2u52l8kzn2g065xanumvvmajxa5qwhzaetypx,2007825047
508,terra16d4zt00v5g2l79sykz5mk8tnwnurpv2rfxw9a7,2006677890
509,terra1mqc66z0rflpvuclf7a06m7n5tsnkm4h0l7tw3z,2003971727
510,terra1h4zjlvfaa2zd7hlvetyycn7g8dp9elvuzem4xn,2001415874
511,terra19f5pesculpsv57kjz3km2xhheqt7nf2x5xhgar,2001001182
512,terra10943mxx02yw0pps4ezd7xzfrl6fqzsvtfmh67a,2000942246
513,terra1nzhvup3z97kv4ffw8uptcjnptwxj2qf070vuqm,2000942029
514,terra18r7ancg642wvu7p3wj56d0cxygzzrsc66yn9xh,2000192586
515,terra154n8q4ll44ad6lta44az9m4y0d820h8xal966t,2000016401
516,terra1ju022hj63vhzysxlpfysy9d4ju0ymw99hm0v2c,2000000000
517,terra1rnezarrhxs5t9fkjamcleterray7e5fyzzwmc3,2000000000
518,terra17hvt8q9pmfyj5u82rpmhk3y2sef6sljdau97g9,2000000000
519,terra1lv3dac9rza2j33cmh79eygtwd9g8k5cw9qe3qj,1998518848
520,terra1k7da2uju8wsh6fg4z40n3y5za50sjplknpfwu4,1997877272
521,terra1stv4908zqy8mng6rgsn8glpzznge7zcnhx3yzt,1994890000
522,terra1exhun4eef7u3wwhww7qdcydw7rlp97zdym9puc,1994204769
523,terra1cffetk2mp0fum4m7tgexnug6n34ylahfm5w6r0,1987930359
524,terra1v2n049hcfm6vxhdd7sevgdfgw2tcl74aglh0w5,1982985410
525,terra1kfa2yvlmqa68yyge5nqte6uuejlpxvc9hkpfwc,1974548105
526,terra13ng6mn5ns8saz7t5ah0vq0h8qdv9d63j56e6e7,1963675055
527,terra190m89uwq5zjj55cqpqheqgr5tzq2f3h0n54kkl,1956985023
528,terra1kzfn7vg9l4u0t5vu95dp0c770ppchk2y4f3plu,1956515656
529,terra1xj49zyqrwpv5k928jwfpfy2ha668nwdgkwlrg3,1953808816
530,terra1y02qar5fz0xxzcs8558rn4m3hqt082ayt25ppz,1948706708
531,terra16m67vvltp4k0mx3cxatdertcfcv0u6zjnsj8qs,1947271868
532,terra18u4fnww8njkt5udddxucfnc29qp2r5rzj46vdx,1943960567
533,terra1n6zju8al6n0zp9zjgr2z786v7623p4qprr024a,1939978856
534,terra1l3g077c5whpr6ss3q2lkyenqywjdwd4nqdswxh,1930930252
535,terra1t6zanechkkk4cdfg3s264qmj98uhy3nlcgg5hu,1927052855
536,terra173j79mkenpzjcgf7r77v97tz9grg8h8l5tkdxg,1925295654
537,terra1a6u44z58aptm5xls9p94vphuvckmjtumywm0v9,1919779186
538,terra17wxg56zmd340dltz63gsz2haa2gkmyarp6sfhv,1912341761
539,terra1ng7grpamnqfh6nhuey04azqj80tzxy5794664s,1907297936
540,terra17zh0vk9l2wvsdnw3gaef6ua7ptvds4w55sddfd,1900373936
541,terra10pxyq9lwcmvl620a5l4rxl2w7hsdthd8ksts48,1887805218
542,terra1q4t0gzgjvtu9jkwee00mwntdm4uhhfpv45ur0e,1867845067
543,terra1j62tmerfgcsh9fc5s9pgc7r7fvjhxuwjtz9crf,1863014488
544,terra1dahfd2nrqj0jc4lx96ra79kkfws6cewgcjym5y,1860132177
545,terra1qym20xtpsxc8fqmratdg73hf8wgxz64qnddm09,1859115060
546,terra1j8504vwj7ftaqvmhc8l3n8k3e6awsz5pddew27,1858853170
547,terra1kus9vnecpk9hs0wcmsmjdsk0etkr3sp6amzkuu,1854428216
548,terra1cc0qhdv6hx5r8j0mgzdvmyylpds3g9ewt6rtqj,1847238068
549,terra1qz62mgq6rs2gju3wedyl3vjlv04zrxx2kqplk5,1834932122
550,terra1rtd5wz02xhs2gu9kw3q529pzv2jtd2ythurl54,1831237065
551,terra145m4955zfxnnk3aa39cgarjfrv4hwzja5qrzer,1815081316
552,terra1756z5c0fxnqe2fv483r2as70056k47d7d99ge3,1811087506
553,terra1wn8kpmhy4t5cee28lrw0qf6n99xc4xet6yhd9r,1804449469
554,terra1lxg9g346wfztvdh2d8r0fh38chz7v9wgxvcl20,1802051991
555,terra13azm2f807zf0rv7mz5lu26pzlkz3epn35qgwsr,1800216175
556,terra1v23nfrh5ukcvvwtfvfx3vfflsjgtnnz54a9ysl,1794056744
557,terra13x3dkdkxnu3amy99sys0uzk6tmevzjcjwmr2pp,1789689584
558,terra1zdmh8r608hq4txw5fhhv9j7cc04f48elfvzfp4,1787752837
559,terra1kaduhn463gzu3gz0q4t78lzdv3p256ydp2xmr5,1777513375
560,terra14jm9vr3723neduw0z7rwl0rwp3c2e7xzaakg2q,1773757578
561,terra1aqdp80kwthpyrxlkcn6ef5348yvudaxau5j5f5,1772939779
562,terra1uj3np0a77kugp9gj0r5yq3pg0wx5t3ra2lsztt,1771755061
563,terra17sj9mddnevwmlh8t2c34jyy7dkhwm3xjqfw6pr,1759033327
564,terra1vvu5k8a4950aq8ru028wn5y8r5za5jxhthxn69,1757961390
565,terra1vy6xeq2qvq3vywk64ayzyg2lzpjlzjktdpsvuw,1743519341
566,terra1glugy6td79zlgq9hzk48hxgmzw4z59qrj8wyhu,1742887767
567,terra15xyk3pt7f5ldq0slqw0qc34lkm70u0wzvkukgc,1738487468
568,terra1s7xz8hakadyygkg3eef82hxl8rywy24jglu9yz,1726995721
569,terra1vqy802naxr009q68nv6m7ta7g7nds55gused2c,1721909301
570,terra1ndmvn98ge27nq2y522whsu4qyd74e6nqsfcvut,1716562669
571,terra1a3mveva5qu8t32myp369g8tf0e9t8a707t2s0p,1715817516
572,terra1yxp4uzclssj6yq97t3gg07m6vqham07h3zmuym,1711041300
573,terra1zphjh9nljldkjgy28ajpr7074c87ntgqmv80vj,1706903199
574,terra1fl2x79yf4rrzxha9c47r594xzv48qaqn7s6ava,1701076393
575,terra14sv4nhglxtl5xks9xnl95757gan0pqdgxn6kk7,1700869469
576,terra1m3zt79u8wmcl9hc7hsm3ut6u60rtxexvgjzsgw,1700244522
577,terra1svju9jc7jvpky3u3hs9tjms7r72jcfvnduf8rn,1696623965
578,terra1jlpu38r9krs8ty2zutwkuyrydcpzu7lv8xw2mv,1696560394
579,terra15jvlduw89mmm3wwwxyjt32cct6lnarupu7994s,1688221633
580,terra10z5wxl6ergcte5ukq9z8f7lqpdwrpxqgpur8l9,1687618008
581,terra18c7xp9q46f5ypnv4r4zakjfxt5vpz885cje2vu,1685979841
582,terra1wkemmk24gy3x2ykypydmtjknnlr3qlngeawj3j,1685482772
583,terra17988l8pmyvan838tkm922zdkcqu3y8haxu5jyv,1684957949
584,terra1gkdpu3890t9el6cww8v30sh440254tzk78rp5r,1684329895
585,terra1l2q8sruaaee2ff6kkjst84h9363cuktgp72ulw,1681288664
586,terra1djxn7w8rnwuvsumqtp6kuvvqj647nrllpkrrtq,1677705513
587,terra1r6n9sp5aecpc9kehfwsfppqv5z4ly7uqy2vcyx,1676227145
588,terra1xhsrdcmnh9tkzy6pecr8rsf5ls6hk4r77vwmts,1671942308
589,terra188hcul0fsfncac7qdu8ceqjqh77f2ray9jmg4x,1670595634
590,terra10jng0y38d447w20l3rxym89wq0u2lzt23wp3sx,1668565670
591,terra18sc5ng56t8v5w65lcjurfwf47m9zxw6dc4uwv9,1666683494
592,terra1323j6q4v9jwr7n2pam42m89a88nsshptdr7guf,1665000000
593,terra13k4dnykuzclltq6j38aarj6mx5rqe3l33txtdx,1664299015
594,terra17jmw405spedew2e33hcedm69c5hpv4xmuyzn97,1662437346
595,terra143vey4tyym68qeedht9st2rvaxpdfq4xwcafw3,1661449388
596,terra1up8caxzmqev9edkr393cmgfa5k24ee7an75kmr,1657616494
597,terra1h0vtl3gx0prc47x9dfcmwxsy0mn8fh527q3qa6,1656600556
598,terra1d3xremqe0pqpg8295pk9w0nql7l54ttnf4jsc2,1656256238
599,terra1lfsuprctqk6ryan7755v8qcmmayjzecw5xxdw3,1656120230
600,terra1d4xm6ducll3g9xwul3z93zgdjsnv66l4q4d020,1655106525
601,terra14fs3el0d9u0mhqw53jqq8evqy0x5g56ph8j34l,1654127442
602,terra19cd4mk2ytpvuk42y7sq75mwl9prvtg06ex0069,1653772447
603,terra1jxsz4qdr3rrlek2ae092frpnxtr8mksxn8m0h4,1653584434
604,terra15gpd4w5n5mdxeye2vmwu9xgshvnses7knq7htc,1651403288
605,terra1dtfxmmpq3d92p58s2u78plm7j927glvnpk40n0,1641928556
606,terra12r4dvwc3h3tpmgd52cxs69ruc5npzcc8k36dd4,1639189435
607,terra1gczp6yka8x4h02x2vq57nexldlcm8eueqa065d,1639120575
608,terra1403queu7zsvaphzdaweu4ddx3pehr3454380zk,1635398955
609,terra1sw0mql0phs2436wrc26hcaq34pd7vjer3d8jhd,1632244460
610,terra1xx0e6x7h59efxfa72xfhf8kdr7kprrmzcd24y3,1632006811
611,terra157qjlf7n6zec9x4fk3qhqe9kshxf3fmqxvdnn2,1630767777
612,terra1rmt59lnh55dysl3vrqw3j8z3l2nm2lj7kc975r,1629341597
613,terra1hk7fgvql357jyh0d3yduzd5q0t4v7h5m0xtwwu,1622695075
614,terra18f5mnqadamy32mwm7rakmjeh3a7q9yqdndm3dq,1620073840
615,terra1zvmlej2g6748rgyeslmmfxvlh5u0mlwyd4s3zg,1618625283
616,terra1vcwerpjq59467j74cv3845fmjyq6rsv4x6hxrq,1618334444
617,terra1drsg2gax8edv9uh8pl7tyusytv7xq29mseqj0e,1614915223
618,terra1zlj3se743tpmgp4k5dlkr8y6av4t57c34t8l6e,1613155335
619,terra1dv483yhjfgthavv36l5kp9f02fpvlal8vs08ss,1611537043
620,terra1chh25kfr8dp04ma2s7maz76zped465ngqre7pe,1610098048
621,terra1ac6fctgd4d6d9wkqeyezp9ycdndx7efjcs0hhv,1608756730
622,terra1xctfng0j34uwhsgunfjatcuwwkny50rjfsqsxq,1607663917
623,terra1v733yem3fkyc0wcu2ptwgmfj8l6nllxf40c7qe,1601113855
624,terra1gjcrsxy2atlynk3ulcxlrrw4uwaxcqmkukgev8,1600395034
625,terra1pnqacwh5zxz2d7hpp5rhz9lkyekrksvzhxvxt4,1596954803
626,terra1vemsm48cehqpplu00gh2w9c5xwvmyxhrnsdsk8,1596827284
627,terra1xfjjsp2hsql2ja79eunzp438xrerzc24gc8w7r,1596197114
628,terra1anvratju3x0uc3rxswuwgczdkgpjsduncyf9m5,1595248900
629,terra1lwr5qtl7qz45umjm70nxl46fsnm8e3ztwuf4vk,1593761500
630,terra1kgygae0ufdxdqlgnxgrz6qgx8x5wjn6paxdckd,1593355079
631,terra1g4ywuz5ph67gcv4h57d0wry4vagju8yjmdtyhz,1587262210
632,terra1cnfyywer7676xtnd73ksy2y9hx7j54yle5cnl0,1585954027
633,terra19czq065mfp74ng4t9mqtprgfj3ja42aveqtuv9,1582260613
634,terra1nzvzrsv0cep7szfhnp9gtv3ad3znzpuh3vj3h5,1581127156
635,terra12v5f6pwnmyh2047nl9j8gdg02xew8a72538eh3,1578898084
636,terra1044a3kwr9kx667758y603hzyq6ne7kt4dvzlk8,1578771430
637,terra12xdrtw0j4uvzmcnkla8spwzm4jv53gevuexfc7,1578692086
638,terra1gf9a67hpyjm3hjv0rhqxuetgsu8cfjq8rda0y3,1575457131
639,terra1mxa64k5dphmt6lctaveld54vwwxxx3l743ugyp,1565703366
640,terra10aekalt3sjp7uprd3jrz9n2fczmgr0qat30m86,1565219145
641,terra1555s8r5jlptwngh27wmjrykqk46fdgud7xcp9q,1564468252
642,terra1yp2j7ur3dx4nkw27dzm24xutxzdakyfulzh52q,1564034585
643,terra12qxcccug52uzh5cfqctr0zpj9zvsux8re6a23j,1559642801
644,terra16vdpk7sj57enznktm3szvw557nmyvpq6rssghr,1558399786
645,terra1xnmx94nfchs66fz6eqyrrqkfvm5qxrd2sha88h,1557457043
646,terra1x9cep3jd832pd5y49hwxawpnf5dly9src3xdcc,1557021824
647,terra1yyq4t5fslyxrsf0aazqhz8tzskk0a9nxvfwyqa,1555953937
648,terra1rez3uupsl6lp5jlvvmxsmlrafa7gl9jq77yedz,1552826064
649,terra125p3py9ns85kq3er4gn2tfc3akn44ddn9y3fed,1548988425
650,terra1twpqk0ujz8qdkm03cagvatg4jgwf5e0m6g7vnx,1544830452
651,terra1dc5s6udvyuner2m5nw26y2pvhelvwsj0d2sngq,1544458267
652,terra15lx6cs57f2ex3mq6wlc2rda9q247ayzdsfp8d2,1534726549
653,terra1p0mglpkuv06a7xryrxlg707nlzhlj0pvr3trz7,1532234932
654,terra1zaurav3nfdg79m3jrz29p96auwzr07ealksge5,1531642353
655,terra1ecv76zkt9vtzg42lt5xu2j45aneu7fm5lvexsc,1526630368
656,terra1xfrhyegawnc4pq4lwxpua80nmkuha58ddn44vt,1526595027
657,terra1jqvhvly7qnm4s8wk3fz6t3zquqx678tuwzned7,1519498801
658,terra1wuw7em0da2rqzf9qgjnmg08z5x3ag72raw6gvj,1516271228
659,terra1ssp9vcng6r8qhned4akx4p0hjvr2mvw8jjufm4,1509787989
660,terra1arm8ku9gwkkdnemucmshd806jkfsqq68ussh5s,1501292732
661,terra1j9nywf0l94ulak2tkqh5499fy95m645x6nfwxz,1500647649
662,terra1rfr3utgjntjpgkv84wu0kfj9vky7kge9mruvw5,1500004575
663,terra13ecgmsrw2wf2pqu9l3zz6p52a0mutx5g7nd9hj,1495110000
664,terra1p0yv9l4pnvvhttwlpedsq7gwnpqp7nml3kh2jj,1488828939
665,terra13gd2fwzh2kf7u9k3yzaat8a2sd5vz4ka5333rw,1488324721
666,terra1qkuhfd40f3qm406y3unzzqy0n0n5ydr83tsanr,1486869027
667,terra14tptkhylqmezraqf25nkf9059lvyxwtzjdt0ps,1479693106
668,terra1l7he20kqvnxv8gqrk2ccjed46dezkw4yc0377j,1477847448
669,terra19qzlnfg7juh96dlgt7y9ylus7n0ax4ym84mj08,1472629159
670,terra1z9vjtku9557vhpt28nw7rwa8f9cruanqg3hl06,1472528196
671,terra18avdg3xj8gnjsed4qvukg0ej8umypm8f6nxvtt,1467093568
672,terra18gfxhp3vyw4hezk93g09thl00f5r60nxjheffl,1466495437
673,terra16vf0jl2hgw9pm89hleu2zaz3qa9p37t9demra8,1461134191
674,terra1fa22lnd0zlew8z65wankstv29yqqpal9rwzvk7,1461055629
675,terra1fkcmfw6v3fdk87tdx3v0rfksfxunxtl906js4q,1457759733
676,terra1g32dl9nmqvfy8x6kvg0k3wlkg9gx22tm6dc6nq,1456827956
677,terra1v9zl2km7dqjnty67d80y0u7njygxzt0atfp0un,1456606803
678,terra10k29sv63uyhlcgyvetqnava8r9mx7847f83z6w,1450156888
679,terra1nhlg79e4nhwev37c3zl9md6yk4ewc5u7ynw92j,1444095235
680,terra1gw0epp62v6mscdnlzq5keej3np2d94vc6pmfv9,1437445200
681,terra1m5efasjt8up6868c4jrtgk6hzvt6mjw45kphgv,1434486474
682,terra1tkp7r5q6pwp0xfqne3x63gnhq0n9gh6kt26per,1433140994
683,terra1vwhjjk5q7spsrattpn2k03unl3zn86hxz2qspt,1432431380
684,terra155c3tuvfj3v4q46uycnd68lz25suxaj4aavl2p,1430091805
685,terra12fczn7zfxfat93ymheswvjfd3klf6ccr9rxqnz,1428481995
686,terra1yam450dsy6456adl7kp0yfs8rg2dkqw68xv9h2,1425831665
687,terra1w8ep0u4dccevj8memcvxkycjzqdwzcywwv6lfn,1425699257
688,terra1cec6c9q5mlyftgpgqcz0u5rm8wxe37j5sl557p,1424979306
689,terra1valvtr7ut07ruzmt5tm2pxsrpjs3hju5khe87a,1418048738
690,terra1kt8ulau0egu4ley445ewhyyhj0nrhulyy6l89j,1417429763
691,terra103sh8k70nxgytj9z8yhwsuhrv4tfqu3vrunhut,1413902271
692,terra1np3a08gmrvqs8rxs00s96lh7fwcdhdkqvmwn4u,1413731975
693,terra1p3qpaqvk6vw29s6a4jmcht5atdstd89lggh088,1409999998
694,terra1ujcprj5xn7dwheaf0mjve7tkjkkv3jk8sna38e,1405894712
695,terra1vzgtavul6fvrxqdmd3t6mljkz32h5mfpjfuymz,1400344830
696,terra1xdz76kr4t7ylg36ytzzfrz5w7pfvlde97rulas,1398920825
697,terra12ma5y5ghp59jkjwku585nyyf93kcks2xyuck8e,1397909647
698,terra123gn6j23lmexu0qx5qhmgxgunmjcqsx8g5ueq2,1392940847
699,terra1n9qzjpnvwcm2raxwkt3zsdmhy48t73fsjudcx3,1392871200
700,terra1zhr9jv2swdlm9hmusklzz48amk7xy46klaj55z,1392348729
701,terra1y8m3ga8l8che3ehg6nezs2m7q6ny4nwd98xrzs,1389981807
702,terra12357kgr620zzlv0f960eag7m7f7nd4c3ju2en9,1386000000
703,terra1a27mwtwaw4mgl6hr444ypawc65s0c34zfugx35,1383452097
704,terra1ncl2ej9f6r5ckzle9keqww6glyxg0gl4sf2r3z,1381650492
705,terra15mxznhhvpw9wyv3attnsvpyk5ktnlyl5qddavp,1376978357
706,terra1plpd67de3d5yza5snjfakwgrraq58w0zlh9k34,1376023717
707,terra1zfzmllkxlhqxl7xdv48v536fz8js06ssxeny0w,1375795545
708,terra1vqr2g2ce8p6ak255txpplcgx97a6h680e9c9nm,1375004885
709,terra1ar9q2cqn2ee9mjhp376548m33td2y6fv0r5mqj,1371286165
710,terra174tlxw8lglvpnglwg6parnw4v64gpcnqckf37e,1370306809
711,terra1uv8nceqm0u3ergmkunvzh6am09ymf22jc2vnaa,1369859302
712,terra15c8rsgh8np9sflhuvupupjjtmfqexhkln5vz4f,1369311415
713,terra1fm6w3wcha8wrld0smyep9e7e647knrl25n8wlz,1366554510
714,terra1gnx26y3stvsrnh6e7eecj4cshuuxg76exp5a3v,1366261289
715,terra1vl7ug6qe2jf4e2g93u7usqzaxupsakzp3v82dh,1363992138
716,terra1qg3905ux8e8f7jgxhw9yj3csa39hy9wkc3p5rv,1363205067
717,terra10xa70ynqaz7gcx473crtvwl696xkae7agxavtt,1362108748
718,terra1kpmta39qhwtf7ws383rjsz78cmar4wlx5kw6ej,1356241164
719,terra1wst7v7e0624pwyealtkjyhwt7dyq64r6tu5r50,1355931614
720,terra1t6fqnpg5r0upufe4xdt5p3zeue8alm4mqn3pdl,1355880466
721,terra1xcss3dgxcw6l65lwk55h0tky973m0kat0vq75y,1354925160
722,terra1nzfjvnpr0uuuvg57t5c4awgkhlz8n4ge3wz96f,1354304809
723,terra1jnc838nrcxgng9k73u7z66yjze66npl4ywfpn3,1353727851
724,terra1tf7u3h8w9yvk09x5ufemk7r83a8uss5ct9gan9,1348327567
725,terra1xun5mppwh5w6xdxf2cmzkz7rewgtj4eg8h3u80,1347413708
726,terra1wd04qzvd2qushlt8g95vzkyv32z6eq0jueghgu,1341781533
727,terra105a0pqhvk0r5a6jl6pacjy57sxnf6awgef8gwv,1334218590
728,terra1lmu67eqdtakh2r2mksnnksc0m6cqkspechrkmt,1332837454
729,terra1uz64ymqv8pdheywlvygtcm7j8tdhk7r054phl0,1330120802
730,terra1yzaspr7qtqdnu0wfftmxlw3y8zslju7dg34ael,1328520832
731,terra1h3xmrzd630md0zv5hudfnjd98g75r2ya277qt7,1326979324
732,terra1wxpn6x867r3q9wtuafjyxt47g4kn6aq9vjrx9p,1321150023
733,terra1tagxzz9pfx5s9ykpwsve49k69msgymer52wpvt,1319891249
734,terra14qjwyhyx86vnyxrp4ure5sflqvj7vws4tqva9v,1318481812
735,terra1ej6qzz6lz2tyc2tsjve6vlvtxtsallch9gecf5,1314092814
736,terra1kudkygx3fy7gcsnaqf72lhps9h9euwvcqqfhf4,1311760490
737,terra17ymgqmfg0pw790fzfuswnyjpwkmgyya9hxsevu,1309576560
738,terra1rdf3wduh9m37artvtaxar3w73p5ppetfk3g0hh,1308592356
739,terra1e78w5znqsy69rxjz7hg88t0jv9galp7yvc44d0,1307441948
740,terra1zc3t3uqg0aj84cj7jpsj2uwsp05gxpqm509z9w,1306149472
741,terra13utq83mx6g804eeaq2c5ffn4vla82c0dpsc0q6,1304238973
742,terra12wr6dmvjhj380jsc5tc33elmy0kx9svj9pzhw0,1300000000
743,terra1psh3wv0auqn3sk0tr3lf6cuzc3stpg0wscrmtg,1298693705
744,terra1pac8c3d08x29wz03pv5lw4prpyyppr7l0zydvk,1298049948
745,terra1fwmxqep3yjq9mqp7xwexcrhth9t2rtvmum9s7k,1295709717
746,terra1an96a433dtlq5re387nnqe6psgy67rspgtw02e,1294210913
747,terra1q40y4lm9rxuwvflz5qqpah0607wuur2g70ex4m,1293436134
748,terra1zs6644wfymccg79q6glztjq62s5g40rfyshaqd,1290391753
749,terra17wttvhcz4xv0tmwfe277rqwts9a7un2prnqwwk,1289521173
750,terra1hsrhpr8p0z0nx525p4agnlux569ff93yuehaxj,1285019349
751,terra17eyp7f9rqjyrxewg50tfcqu6jtlzxj9yenjtjm,1283110950
752,terra1y234hfaegjnkw6cmwvkr079qsydjmncqhq4my7,1282813972
753,terra198mms0pf6dw6hu49duc75f260y9uuxad8ztzae,1282603778
754,terra14wsmac24xspqm98jsx92t8dr2y4w3jtp70hsep,1273332436
755,terra1nv4zxl07s5cnja3aljs5a5xgczwcyrygt56dm5,1271319928
756,terra16g6kedqytn96j8a4evvltp5jt36klryqpswllg,1268130991
757,terra1qxlpn5d3ez76t2xmxyv6qhjm9p0spvr6j3tyee,1266893426
758,terra14kfjv3wkne8zft7feg6hx3z9grmq3s2huskdpt,1266012945
759,terra1vtju4xfxahuj0guvrurlprmnmt8qmrep7lvrwk,1265739224
760,terra1k60q2yg8atm85ezpfafxsggefjmevsvdckveg4,1261786280
761,terra147ut3uly938ks0j8nnkh5wmc0c700tf49ggyes,1259612470
762,terra12c20am750qeykx753vslq2n3e4tnwl6pgv8k6r,1258198443
763,terra10utedrznhudt9v3x7sf6r4kjq7tznrjxqwj7zv,1257561362
764,terra1e8gz8knk7vmvyyfcjnlyg88xk7eanfpuul3xm8,1256916424
765,terra1mah76268qrukvl3sfgr9atel90zrtpsxgfjk63,1255037693
766,terra199ndzr8n7fcw6grz2k330zm6dq69dnf45623l2,1251779866
767,terra1mf4lpaqkpc70lg4e5e8dur0l6zwvn5cz8z4exg,1245344150
768,terra16452tefhdushss4w3ffny6ewtlcx52xv4n570u,1244432656
769,terra1qjd3yu70mltpnr996zyj9zk7md9gqhl4m2qh4l,1243419919
770,terra10m9k3kpwcmnzr7trneqym9gtscarx28uv7ymhp,1239599471
771,terra1l5drwtyju08r3mcpazpkq888g47q6jaat68f9w,1239538704
772,terra1kcs2gup9fy43ry92suyfagpattjfqamkvfzc64,1237037642
773,terra17ach2wrpl5yeg5zwmxrtppg2u66vwzx9kjsqv6,1234714612
774,terra1fqawxd4wj8qnapagrzktcnrquasegxk8c6czuh,1232648249
775,terra1e3xdqj67pmvhlqhjfjgwjn4gk0lcx2grf65amw,1232332959
776,terra1q075m92e0tj27207p6pyl8nnwtsauj846wkd5n,1231318847
777,terra1l8xue4ecgcgj2pkzxv8273qp8uzjdgr2wzztzy,1229231501
778,terra1aep7zgtrjrhnhgs2syyu25eyz4t0cepkmy6dsc,1225081013
779,terra1ypsgzr875pyyjgjrvltel6zyfpze6tpfdlaz79,1223897078
780,terra1t2vdpjm984qcyflfl422f5yegy92ucwwjkcgqs,1215313258
781,terra1zwdufhfrm68lrxnen6qlwauawjqxaqhtc4aja5,1214324365
782,terra1wuxctmjz8nggxhgwe4ttq3cdry678jp72lfx0j,1211712871
783,terra1umdfclfd3vje67lsutuwdv2t5cmk7dhqrsdhzf,1206572563
784,terra1wf2uu642kkv2xcujdpmlhz7qdytun6w7xt9ght,1205696000
785,terra10djnvdaj0runm5ujw5ftq4f4xsd9gz6hp63az2,1201356708
786,terra1havrygvtccgvtz3nwc0w309dff3w495dup0u23,1200696182
787,terra19ws0l794xt4d9xlf7fas5gfa0scfp6hswcqw7g,1199137427
788,terra1weuxwwd5lf7uuk9qed6vxl3zlkzvfjdwn6649u,1198111908
789,terra10tgejkxhkqpp7cn8uew5qftgsyclep5fptevyr,1197435412
790,terra1gn4q7yczd7xalzlzwxphygf6uuyax7mlqwnzqg,1183255365
791,terra1t2fcyxl952xj5rz0wxww9y6azex5naffsmvh8l,1178275032
792,terra15p0m0jkw4ssnxvrlr28lhdnljm5qugjpq4natx,1176520570
793,terra1tye4jsju99wmahjqkvs4aclf2gll7z4e62zlck,1176492137
794,terra14grum25hp89ueanzupprqwpu76vy647p6c642d,1171856050
795,terra1pcvqzmqapd0d0ul0ppcw05lhv5cz0n864gdcz7,1169707802
796,terra1r409xgg7t7gdnllanegh3lt4tjnm63cxt6q8s6,1169177743
797,terra1zh4vs06plamm67dvyf8w4twg0nv9u2yrt7pacj,1167833844
798,terra1e9zqndtalkvda5qvjtwx7z85ulhanlr8yz4a4s,1160933164
799,terra1ln5j3fz9898xx8xaeu7023j300ayuppvdd6ra8,1159825237
800,terra1dlkdlm7vuvs7quh9k9kfafuuqkpsz4ccu85r77,1158858579
801,terra1tq5kckancas8ahejjhrgu88s52g5aq3qjhlv7r,1158737718
802,terra1fhczyahjmgk6a2hjus6km7qcqm2400v05nmck3,1157707792
803,terra1y0v9rgxwdth0newkyz7uutl6e4ngdrt9tz5dcf,1153956353
804,terra1t88gz4888aelwe6nwlnqe03s2srqd2dnyc0gyq,1152769802
805,terra10mvancesynj8qyl9vgyappfm7627fgkcdpgrze,1152373763
806,terra1tpvppmqdwnz6xy73syvpwwrhwn993ytwhr8h8x,1148122600
807,terra14jny9s37dhzr5033tf54maf5chees0zreppk28,1146654976
808,terra1uu0d76yg23kttteuhsj729nxg0y3dzv4zhfdwp,1143086891
809,terra1gwryjy2re0ra68kyfjc9sgzy80w5xxghhevcww,1139662809
810,terra1efep78whyd077aksrez9qz0gmlpd9mjdw2ar6r,1134662992
811,terra1asejlj43z0fdpg9gg3s9tlc8nql9gqjyaqntas,1133633500
812,terra12vwshc94hdkj6xecngh04uqjmynrwry904vcx3,1127966332
813,terra1pswkcwg4qp3pv8t5nrlke8l4u59x5pcmmpqvdw,1127718997
814,terra1suag9gzr9ae4gnkrkm36g6mqngz52l5yhasrk3,1127440631
815,terra1ppkrjuj0hwyew8wz9u2z0garv9gtv0fgx4awx7,1125231367
816,terra1c8gj0mewvdnqmueshw2u2tqc5z2x0d9qxpx8cr,1124580638
817,terra19z6y8ww4jhmwaytrju7qnhp0svkwd4hvfm0p9r,1123655515
818,terra1vk4480sgtlle4uxj69eucrsn6plwpc07wev08v,1115135097
819,terra1z2x363rk5v8sh3gp8hes03ket7j065rj2qedfu,1114363335
820,terra1ejp37jemkpu028tmtmm9m8azwv2fad3yfnayv4,1114217554
821,terra1xt8n4dn6h4qnylrjmy8ccu6j9x7wj8lksr64t3,1113460499
822,terra1lth8wl85x9fcweegvrs6gy4ewfs96q4ds7f7dp,1111518105
823,terra1szpv9mzdspddzgek59ptglwymn7qe5x9tj2mgm,1106115077
824,terra10lpxpwglx23fxqrtskuynhjaec0ewwacjuu3tw,1100306405
825,terra15ct9e5t73pf2qwjex9nwrt8lef53a29kdx2jw2,1098892492
826,terra1pegl6q6vhr6kfr86d0ka2ewkw38n9fd5smgq39,1094603336
827,terra1dxn8ayz93twf6gg4u5d8un4qmj23l7vhjalj9y,1093537908
828,terra1fn5p9juy4e8sscxdf4nr8e8sk346jv97h9k052,1093138872
829,terra1hekfsgp60vza3ae7xwz4h0dfekmk2kjn9t5afx,1089841869
830,terra1y452cwwjmgg3f5qqq0usllnwvmncxdp2xatnwq,1088823919
831,terra1zakne2kmp78fp477vaqxunj0tl27leqglkc2hw,1087964208
832,terra1nxkvczje4fuqsvs65z6595y24hxcah98twnwf9,1087834706
833,terra186j0zamfdvsdzlwd5j84gqaz60tgj6hy0yfucn,1085395987
834,terra15rthx88q0hg7dvwt5292c5l3v2xl9v7xh2wfh5,1083655893
835,terra1jmf48xh889fzk3esjecgwjs864lt9g2xdwk7gx,1082771073
836,terra1vc4cnwkdu7p50vqpqgm7kclghw876v0gyg2at5,1082124448
837,terra1nj4yaxtc9aaghxq3el35px62tn78255878r54h,1081529700
838,terra1h4fcctcdv794yje35smkuckuj9s2tcuw437kx3,1080267457
839,terra1t8v8h0ycj5csgs7nnns50mxcmvjkhn7gd4f295,1080038916
840,terra1klysz22n96qwrknxzktmezm57gssgkw4q7w4xy,1077574590
841,terra1z0c6c7lw7zyl4yqhpskkp8kfa0xq03r0e7lsrv,1076770802
842,terra1qmv9v6kqfznr2zcth0al7t8vdcdr56znmafe8w,1074534279
843,terra1c55qrl40szyfvmqref2ucsrqg7k73rdmjk950u,1074160719
844,terra1tgnqvpnutyl3kdqyywe6g8uyzynj2x26yvxrfz,1073831733
845,terra1jzkkp6srelgvnuttpvtjesx598avhhfnht3jwz,1073772402
846,terra1dqagasltszjaw95l28uuzt4dh9ye6llcru7rsz,1071971595
847,terra1lxrf9d3crczqg6cxlafgk4zqznjnhq9cyf7sem,1071697890
848,terra1x0k4mldhpu8rhs9f6z2c56xfkeyqel32ammctm,1071541375
849,terra1s32xwkgamjls9v60gqf8xz8q95vkalrls3n2uy,1071116711
850,terra1xmf5ved39j994qjm4ercs08vuspapqcnrh7xzc,1070804067
851,terra1hhhrah93ydkukf3zkpawzfzfpjvrqc33x4pt5s,1064861712
852,terra15rdxq4p0xgx6pczzmhlfam2k2fwq0qlw0mpueh,1059013519
853,terra1fmzqqh3x69n523lq952n3ddnljynrfe974cg8j,1058152240
854,terra1c2605e5cfz7gswljn597guk6gwuerayzt8t3uh,1057929281
855,terra1dkwhpt28hv3zvg8eq5c0hgvsccckf8eur7nd04,1056000009
856,terra1pjjy2fl80fwvcptxj6xnaqzg2j6qwvwwjhjuen,1055676845
857,terra137myr92g02p79n7h3m3mdj73vadude49kwpa9f,1055591415
858,terra1r3ryhp07cd2k6zp7ehkffd6hjvyug3pqd0d39h,1052562150
859,terra1gnvsl694plagzdf3v0nnwh03ushha0fexxtj9w,1052519609
860,terra1epsw5evghjskwmk7zqryr2dqjf7xat7lcgf3ar,1050586887
861,terra1yct7ls8kw3x2ucm66rxg7mgtyvw7kr5v4t4xsx,1045532417
862,terra12q0x8ylzjzfgz80065ew2wxdzc7rrjuyta84m6,1043456507
863,terra1kjjnf9snsyyeqn4jfu6z4u0x4sct3u6nl5l7cg,1041324810
864,terra1hd7pkqmtfkj4mrjdc2kzewajkwzv20vnf5yuql,1039549343
865,terra18ej22yllla4p80v9nxhwx7n4p3v2485crfz87x,1037664981
866,terra13lfgc5rgencqqgwmhdwz532xqr6dj3rnyjt5dq,1037421437
867,terra1w9lz2yslyp73689kq7g9m5t868rkcq6sw0en9s,1032749078
868,terra1dcmvtvufdge4anezvq4e4cskzam4eg6ggetsnr,1032261773
869,terra134ezgzt537mhrz7j79tfdlx0fprjf0v4yg4y3m,1031625995
870,terra1lvz8fwvknjzf06853y9xcaa0trlqvkcw8k6tmt,1030804077
871,terra185yuecar3w69mtk7cfdl6ctm6tclmcrlt8ykn9,1030492229
872,terra1ec7lqxpfntq3aua7zktjcfj6yktkh9j7ccrare,1030155743
873,terra18q07ee0l0r4lk4fj72arv5syatxaurset8hykw,1030001127
874,terra12zyrhlkzfdwydxzn7frw49mnmjy9rr5fv0yzmc,1029853637
875,terra1xrmpxw39edxn9rhnyaaltfacvdk8n08lnq5az3,1029169830
876,terra1qmqe53536m5d9suv6gs6gn5lmxqrxm7tvjlrhz,1028913673
877,terra1vyc8vl07u8naw3ckkw7xdgapqz4dn4e2svnyw3,1026670123
878,terra1xp9emgzv3mwkn334my7qz4vkt2vwx4erpya0y4,1025597425
879,terra1su6m5295unu422994fdh48wrqvx973zat0n8hx,1021947676
880,terra1366xdfzl6gtmnuhue9gsuypv2ffqx4n5v2796v,1020590139
881,terra1kga4k62j763hak9rg7ql3lfjdvxumwru48c8vw,1020590128
882,terra1yp5y6a38tpfgqdrr3u9mx9jktrpz3mmsvylge9,1020144670
883,terra1ajj6j76pjya88psx42xff08y42wqm2zm69cuyl,1020056726
884,terra1gpxj4fa06ctxuwnxf8txwnymx69drjvzytlnh7,1019805499
885,terra109w54lxfpgckth4gq3knral2c8ay49mxjyj7yp,1019246975
886,terra1g2xmly8fdshp4t9zqxqg904y3hg0nzlslgxlmr,1018311656
887,terra1h7mzgdluuepyqc60met00zrcw7w2atf8dcl7dr,1017160155
888,terra1quvjnnknfn0tgrlc86trgg3z54w42mgfwu00f9,1016733859
889,terra177ytz8shmjkhcxnj5mcauklcp940rlxzlrhcsh,1011183502
890,terra1wk0n7tsah8k7yrrq438prllw50xjd4a0s3ydf8,1009683575
891,terra1f8ar9ce5udv9sz969fh5yatjuav8k82c39s47q,1007981923
892,terra1pvhprf7tm2uzutma8tlnqtfv5dvw8replgws5p,1007947856
893,terra17yk7mmrfl4htr3c0ht6f952d60jeh97e7l00n8,1007925703
894,terra1nnew7a4nqjnkwq3prj2swanrvcgtvq22cl4cve,1007077520
895,terra10angfu8rj5u5spwedf6m983j64fgpg0cj82qy7,1006855374
896,terra1tqgw6p6hcw7h2r6qxv8gp7dwxvg3uclythys5c,1006609280
897,terra1sy5suz4mt75cky388u5actjsqjae8kwtdkdctt,1006100660
898,terra1v0w45gz5dl9jdkn27tq836ug706nm8lpw8ymnq,1005932561
899,terra1sfjmlvhkvz0r4nv04gzfqu4vsg54gt9ee5etyt,1005346942
900,terra136fupxhuzwqwvdw2n9q2yuuepmtmynt8hc2rks,1005226636
901,terra1f34wwpn2dryzpu95l3tsf9jh5uce3cwrgkf9qw,1003773788
902,terra1mvh35ut6gxfkxv50pl2mvt9xwlypslxcw0396z,1003520769
903,terra1vjhkpappunu3kmspgmhqd6al5zl9xqr0n8mz57,1003211118
904,terra1mwcg36u93vut966t5f6pwuga06qmwtst6pzem9,1001893652
905,terra1v94uv9eg3q0j8maq4cc4cn45ssa2p9p4tt2jak,1001770000
906,terra1xccdj5xkj8ctxh622trjy6x45ll2lwlffydefz,1001267347
907,terra1mn2zkxftu8zjd9jqqrjqqp3k53whsp3qtdgg39,1000898604
908,terra1dwrkt32qngm8kdxtsn57j8dlkn5qdmz7uju6ey,1000881539
909,terra1lg0k6ztgue2ggcqga809mrs0vgle7k9dmg8u6x,1000879852
910,terra1a2vt7zlcldwqmuvmhqjcl0q89n95q6qj7w860k,1000695211
911,terra137p5f0m6u88jc9s7c62l2e2syv77ew3zk65ny4,1000663985
912,terra17jwp7h542w5xr0t4nrqfg6njvfd734jhn9e6uj,1000559847
913,terra17hgxudaxumkg2cl2a263krlltw6pg5huc8mrsa,1000458167
914,terra1zrkrzf03wcv2cj3k5ygtqlygrfhxcy3grv39fc,1000407071
915,terra1mrzrpmdcxdw3ydzgpugxkca7ds7lzrl32dnyrr,1000393399
916,terra1p8mygqa2lwzmq07wlpwwv538wx3uks3kksk8r6,1000245198
917,terra1hlmc2kazedayc5mm6gcxmh8nze2senlxy7qfym,1000114473
918,terra1h04en0m94xmvcrz43g6yxlurhq9gtwzgd4q95u,1000048209
919,terra1xr2ffu4deeauftzjrqxqw08jlvtjptheegjq0q,1000034602
920,terra1lgam0f8yhsnmz3quznnvd3d29r7spl2hhz86s7,1000011956
921,terra1n7z0agk8f9mshucrrp6f4pevjrqadg7f8m7jus,1000000000
922,terra1l3jx3g7xu8n22qgcgqw98xgtvtyckrd0vlk37q,1000000000
923,terra1mvkr4lmj0yw9djw380f5rx8mjq0zqf0ud3puyp,1000000000
924,terra1h8p78agyqf9w746y4lg6f82ezm7d7zj5v9jeec,1000000000
925,terra18adyq4p6d2hp9qu82j0nw0xlqrxuepgh2je6vv,1000000000
926,terra1m63ccjd4paw395ypc9pvvegysy5myudz54zy73,1000000000
927,terra1nxdm8y6f5lvvjduqh9ljcuxj9lh505uydkw9zc,999999999
928,terra15tfzpfc42xplhtdte9uyzzu4gqdc7hmypjn0d5,999118071
929,terra1dwh9j5rxj7zrz2rjp85pd9glrgx7c8mls3rp9c,996750558
930,terra1vx7yykmxqwprkkawj20sjrfjttrfzwdhpjwl7v,996334013
931,terra1yu9qtszcxrga4s2tjepnckeruxht4q7mtz7m3n,995938448
932,terra1l497wp909zq22r9je8vhw4yn9y53wkvhnvxeu8,995679715
933,terra10sn42qstxutm4hu56dat5u2gdgu67g32w4gxrw,993532478
934,terra1veafd3rn54ntsdrp0mjplkpnkswsq25v62387x,988337901
935,terra1tnm35wsyj3gumxeyy6qt5qaye62h7y285w9pf2,985678192
936,terra1ku6tp9jwv68269qrmztxmy4v6xuhw36gjqptqt,984252962
937,terra1q902adts06auc85n4xe222culmpqqktg2nxvj5,984243645
938,terra1x7wwgjk5ncc3r60av8gpp5m5atkejdwcwrjyuv,983159507
939,terra1qrc3m9e2thtmt3hm04kgnyr9l2d8splf9034m5,982375222
940,terra1qjmhnkagqfas3cre8ndd76624dhs29khktf50h,981219019
941,terra18xfkgaujrz5ycfqvrwkt7vlz06zqhu6r4pwvah,980962473
942,terra1757lqxzrp7nru9nvmun7f6cjqk9huljgfrfnxx,980261638
943,terra1van5hpp9kd4t3dnac5kk5stk6l3le9xa7jazt9,979785999
944,terra1jajd44s42mdha3uym0zjn2r6uwdjrkn5t6wp47,976179178
945,terra1cv582xhglfeq5ed09789d8lmcec80mfdn0knn7,975255321
946,terra1gvj2jayujddtl9e8jewmlcg84mansljf4ztvrf,975058593
947,terra1x5rutmkr9q6cvr4mhapy0x3aav9jq3qt8n8j0k,974877379
948,terra1t6scjp9nz2rx9w60auuefhsx99gujvjezpa9mc,974749138
949,terra1vrpznn9stdjysw24su6y8xctf0zfnhka5tzt7r,974325406
950,terra1m2hvtlzeqew0rtspp4vveyd5mt5n8nk95m2a4c,973005874
951,terra1muk9qf7tt2mc0hlyxpgr583dg2fuplhtgng7xx,971539274
952,terra18z39rgrk56pul82jjy04tpn5mua0cspypdxu2a,971224045
953,terra13fycaya4xnqvduq4wsrjvaskn9tg4l0wezpaf3,970458391
954,terra1hgsxpjml5r8cj2dtude4mtudg62qtvlvt2r39c,969565160
955,terra1jwntlwvd36mkwezp9cmrhjefdv5jmmw6gc2035,967978411
956,terra1z8rkanh64uxxufl7uju6aenqpc02safx7tfegr,966766470
957,terra15e48sjhx407vfhsegvg2qn27kjnta5vjlszmwk,965186294
958,terra1v6hxzu0a0wc7qpyns34eguj7hg5akm555cautt,961799967
959,terra1gve727ns0p3yfw060zf92t0ky074mj9aaf2juu,961149277
960,terra1zsjcstj6q8g4nsjj0fvfrecac2jss0v0fnqcsw,960171747
961,terra1r9k4hytcfmu7p8lmescnq2elkcyhlp8amf208v,959999999
962,terra15a3zr278sytk2sckrakl7mxl4jftev3pyvqvw7,958581365
963,terra1mdgp6xaju4fweqg9tlevpe4vur6dnwefs8l5a3,958494332
964,terra14s4seej9lekd5gn3d6atszgqmkz23npw53vrfy,956512279
965,terra1lfmz2nz6k4mg5q3mt7g9p3d4a4sp8vzexldlpf,956147474
966,terra1c3xvy0cgg5r7uyen2gdwhlemu4ku7j6ku77aeu,955144904
967,terra1d67tuyxmpg0lf7xafxrzp2p4y7446yfpvz8t9u,955143979
968,terra19crgv4rt077mhrz3t8y83ydgd4psjp478phecl,954248416
969,terra1nzqkz9se6h64ddx7qj0uxp6rwq49lklklnpsag,953617057
970,terra1jvvcgtyxr46506v9ngn3wmr6ygra0h67zjzwz3,952812745
971,terra1u4e4uxa96hsed3g3lv20awyj4hjezms06ealt7,949950543
972,terra1pp88phln8gjujvr666a35f0378p0ur8m7vyp48,949836470
973,terra1w7d9lka820ag9drhw4d3gz5756ck5tltzwzf43,949514019
974,terra1lpzey62k6ra3s0g4pmas5rh02lwhrwdrsr3umc,944871161
975,terra1htl3qzu3aak2h7jmr0vyjqg8qct870ndy2vvj8,942483672
976,terra1x3srszlhguynwyllyjscdas23nfy6pzgyyzdm0,942352470
977,terra1jmce4cqsnpxvvkkgr3ylw8hqs5mgpt3qyvkzeu,938782128
978,terra1skstd4804mxrgzlhht7jysg3w3n9l0xzlu8mun,938563543
979,terra167ht3u5ffm857lwesvdmy36fhm7htq4df3z2v4,937929108
980,terra1euwtwpug0nanzqh7hzfl250y0pqdyktdg87wkk,937922738
981,terra1dp2xz5r5rmjy95vug077yjc2dch4u475rs9emw,937908537
982,terra1xf95g35ddjfpunw9epjw6u5nxkuy9r5g9dvm45,937901129
983,terra1hgtupfatfcqv4dmryx9hfp72v4zvhu3ffjjgdq,937842978
984,terra1p3mkmjqw4sz7am95e744vs2gqg0uq3lhpy9zkf,936445054
985,terra1376ghe2yntgxdct36chx83lrrva9jrrfym2j2p,936337453
986,terra1f2fz3wujnxme549pjcwtpuea4cxjnvvr87cs48,936056249
987,terra1uytm3azugzkzmcfklmpt6weaa7yrcsm4gh8z0z,935695805
988,terra124y8rdnugmzlg0n4nwah56630flptjxwelz5xx,935450033
989,terra175gc3q6wmp7uanmal9z2ekey07lhmmtqs7yusx,934556161
990,terra10adp2eqmyjjm3v5wgy7gwkkw09s2dhy090ug94,934465652
991,terra1u9vafmhg2e29f74d3kjt9te6ry3j80u2ay8yry,932882138
992,terra1vmunywvycwsjvsa3dq5dgjhue5z6hzhzsjdc6f,932427678
993,terra1lzqgh0v4u8s8x0pyuyefvgnzyh7cg2az4pzsvn,928488185
994,terra12wqc80pnvtw3asqzgevgs9jtl8emxqs4mca50k,926911657
995,terra16l08jllaee23xl4t4m74q0jjrx9uhf7mrlcj36,925982254
996,terra182yp5qh48f836s6mcf2k9r9mngdure6npt29ll,922771363
997,terra19pslkv9w9uvt5h3dk8ld5kypdg6qxvs3f27fss,919988480
998,terra1mvf945qc4pma7jhwf97esuszkv5ckfk56t6dmf,919645392
999,terra1v59nzp0frncxdjr90zgq5mrcdjky0rys3ejvdc,919339500
