,sender
0,terra1wntpnedhpx74n0d2ajsmdl3grhau9mtzdu2vrt
1,terra1mwver4kx3a50tpcyv574grwp72agp0nxqhtw0d
2,terra1qyz93mcmfk7uyqda9alhwkjmajk3u0ydch8wtp
3,terra1radrew0n3prts8ds7sncgyzneqgya5npq03zmg
4,terra1hcydkhqnhwx767f4vshqhvul4trrmd6hm9hd82
5,terra1zepph0x9ud9c9jzqwja5qsuzvryekqz8c4f6zl
6,terra15vvth78h4an5l0vuphp0vnwa0dlwrcuxw7zav9
7,terra1zae4e4295n2z366d65n4e2mruf3wan9vykw2qu
8,terra1rw3tsg088q4e7ez4lnltn6ccj8eep3s5fwkcy6
9,terra14qffvgcjvvz7fy46sdakgmlnn8jxzzngs0p7s8
10,terra15t0yg9qjywqd2wpdksxks5p4dxm2rqjuxmrdmz
11,terra1l5ueft9awlf4kvdewpxykkscmqa0t7yc0y764h
12,terra10zqnl8s79qv5yepfltwmcjj0puklqtvw329ztl
13,terra19av6343jvqz5q8z63ysza9rnf7vs6dwey3vn2v
14,terra1xgr2znpndsfc60rwvtw92q65dypal2vsqytazc
15,terra18fjjhr9wd8d9t6ss9t59yz75tsd2qdgqxy5y0r
16,terra1zhcs4pc2rddv6tqpgmvcp8r0x38mnrpysr3w0w
17,terra1mu9v05luynn9eacw66pdny0nfr7lyljr44f7lv
18,terra1zhcs4pc2rddv6tqpgmvcp8r0x38mnrpysr3w0w
19,terra1h6l96yjewl763r464lemumvy5s0p8w2gk9f2ve
20,terra1cl0pk08llyyvpddrk99k67y7c4q22kjv2ps3nl
21,terra1w7aahnpxz2qhxnghzc40xrrd7zqhw42vq6zt27
22,terra1szft29hhjhmuhl8ernuj4cj3x0w7fckhwnh3gt
23,terra1knrwndw5gyxefmg980xdauype82nt7qtntkqyl
24,terra1zhcs4pc2rddv6tqpgmvcp8r0x38mnrpysr3w0w
25,terra1zhcs4pc2rddv6tqpgmvcp8r0x38mnrpysr3w0w
26,terra1zhcs4pc2rddv6tqpgmvcp8r0x38mnrpysr3w0w
27,terra1zhcs4pc2rddv6tqpgmvcp8r0x38mnrpysr3w0w
28,terra1e3r0eezgjsfkk0pwlyhr4rlaz5n8yfp8qpnqgp
29,terra1rrm2hlsupv4vs5mt6gxxcnkjmsgz6zxs8w28la
30,terra165eq9hsghfc88mf4k6lt8wk3k47v5tx84vl4fm
31,terra1annsqfg2zsakncya9p7tq499txrmkcu9xswz4f
32,terra18gnf7m3gga6p4hshd3muayanh8rjqlynu3hmxd
33,terra1jyyeymcun9m98epyfhnus4n8j7j7zftxf5z6p0
34,terra1zhcs4pc2rddv6tqpgmvcp8r0x38mnrpysr3w0w
35,terra1eyf7wxefg6y0h9vhnh7prz7apav0wph7jl9tq6
36,terra1ttpqxq38ul5fhjw4hz56q9hujl0apmxls0epwh
37,terra1tlfv690n6nae6h9tpdzq0e28vm5uvyz59p92ug
38,terra1lsgc5yrc43l25svumqd9rzjd0texzhhw6dgnne
39,terra1x54kx6263vt9ufeysr93s7xs94pescxcl9k2u3
40,terra1qg0y69azds7duey2jmp95hps5nsxlhdv84ufnh
41,terra1598enzm3uvks855p0xpf3e28tq95mjchkh88tz
42,terra1n8m6gjwq8ez45pmj93ykt9lf3r3krxr9xdzhd2
43,terra1ztfszdjnmfscnkk0jhh89a9llyg9v8xcq3rqpw
44,terra1ech7wndp7v5rtwnzetfdkzhalrnhn8lvwpl9lw
45,terra15psyq830v52ngh48fqpls6huy4sdru4c6fw98r
46,terra15egklh52q7c7z0yrpjcmj0kna0lml9afg4wtn8
47,terra12hhjvpfpncquj92qv3ldr2g4pgj3wnevsg7xqp
48,terra12a7n8yjt3ht6039mvqff6l07lthdr86wxycrw2
49,terra1cuz6mescfst5elj6537a6qum8j26h69dctwegm
50,terra13mazea766q8ers5u99wxal29uv30cjru9an8d2
51,terra1d4ka5k33cqt6tzakwrl9wgmp6sq39qmc8nrqms
52,terra1gkchs6p8wqaz9rutfnqc3hx0qnh2mwkra6tzfz
53,terra1zufzfzfp2p8424m8lm0majmzcvnc30ya4fuq8j
54,terra1rp5mt49jgce66ewfag9sh6w9u0mkyd6zajmyrf
55,terra14l87qc5t57d3k2ucsrn4kntj22x49uyuf9pcqk
56,terra1h2yy6ktr5dqwx4hksv7sg24z2m62p6ypg8r9kt
57,terra133ulmm0sw8rfv0afy8lvknpp85tgmrvtkxh0j7
58,terra1kkrx4ahv2hvnjylrvpuz8sa66m7pzqfu0y95lk
59,terra1jxept3kcdks6yaprhhddr0zf9tvfze5zc5zslc
60,terra1kkq8qp5mucefm26w766s6ysmhfu7p2573taxup
61,terra1kuzm65jt367fwgx7tw66x62xn6475ufzv5p7n3
62,terra1djkwwpgevx42h8j7zwtgtvy2zcd2z345n5kuhn
63,terra1ky4rhjuprnhdasjjxvqp3xmy9zsl4ekpesv4c0
64,terra1r34vx9xky3ryctt78x7dw7df70l9x8r6zhkens
65,terra16pcv5qmdg6ym2ce0xz93gfeyn9enmyt66xcc8m
66,terra1dsep4rmtmq69ta04dttf34h6ztx4dcjvn42dnx
67,terra1m9pa0unshquq6fstaj50ym5ralzjvu9g3j2sdm
68,terra1cv8ezpakf3lgjy4ygsqdtj9wlgqrc6yl0c9uah
69,terra1sznk69s8m7fekhcmfu4jrpnjqpt897huaju83a
70,terra145vgu78r6auwhxm7urga06zrdmsev9xn0dc76y
71,terra1ve0ju5kr6nzhmm3jpe93xnm86sxve5gsv79xxm
72,terra1l5ueft9awlf4kvdewpxykkscmqa0t7yc0y764h
73,terra1njfh96k3nzu9u5g8adkylsk7yydele9py47ptm
74,terra14l87qc5t57d3k2ucsrn4kntj22x49uyuf9pcqk
75,terra18t2pn9q25dawhefmgykcyh6krapkv72ecyw4vc
76,terra159fxsdmk7gqrg3fklawz24kznee9xpzt789zxj
77,terra1zhcs4pc2rddv6tqpgmvcp8r0x38mnrpysr3w0w
78,terra1zhcs4pc2rddv6tqpgmvcp8r0x38mnrpysr3w0w
79,terra1ph8g56x370n4pnn8rq94e62jh5ddduss539hhd
80,terra1zhcs4pc2rddv6tqpgmvcp8r0x38mnrpysr3w0w
81,terra14fzl8p5pkpstjxp0aand725t5st2m6yr2hdv49
82,terra1ctwcfmuxmatpwuhqm8yjflx5ltrsywmlpu003u
83,terra10r0nuqq753c3frmps8mmqcqmw5l9qwywls2hh4
84,terra1kxxf294lrtf9480k9c6zew7cfgd0ydp7jryn37
85,terra18lvsjf8kc5vrcnxld5wkqyueapk4ezsh4ujp2f
86,terra1rce4mcu79xug0uzmkdf7zfjxpgqpt3u2v7v7tt
87,terra1y75xd4qgy87avsue2uu8cmp8p7a9hyc730wtjf
88,terra1dvk649ydmxytj8fylgfre42v3sdyqm72z2mmdc
89,terra12sye9pse0sc9jtx64l8hk6302mq6vqgpjln427
90,terra1kgk4t3kjxp3nulvy2g85txumn3m8me2klt8vk7
91,terra1vy4pp47eaceqkuda5dzqqxwszsadv8q6zearzl
92,terra1qg0y69azds7duey2jmp95hps5nsxlhdv84ufnh
93,terra1nay38uww4mhc9un8qd905fx4lcnews96drc45q
94,terra1jpsrjlphwf59cryza8pghytjc8ryefx9kutf0a
95,terra1a9tepzql6gu7uvpcgxk73ldz4yr82wmsm08cws
96,terra1gkchs6p8wqaz9rutfnqc3hx0qnh2mwkra6tzfz
97,terra1fh7crgqa9ath29fe0pj059zuy2lvdsxz9duz26
98,terra1su9e0gs3h3ay3my780dfsvzqrt770yxa8evsqq
99,terra1wzs0mr7gjfa36uf73zw0myunkyz8u775qhc04g
100,terra1mwnq34m97ng7m6t35y3pwmn3e6q2eua2x284g6
101,terra1gkchs6p8wqaz9rutfnqc3hx0qnh2mwkra6tzfz
102,terra193g96uagjx7azsegc9fekkryhdy45xhvekx94k
103,terra1m0ax8lkf8lk72s4m5ru8p0lrmmgk5g54rwpkj2
104,terra1dytg2zpmqxgmkmg2ycvmrx77mj90ccg94pf4fq
105,terra1p5ljlkp79zx3jvmg7zxfknk7tawuv2nqumwccy
106,terra1zhcs4pc2rddv6tqpgmvcp8r0x38mnrpysr3w0w
107,terra12ru4ya7qt45aws8qy5l56kdcs2mtz9wzc9r0tr
108,terra12arz0dmz5evz36772mpx8gpdhty94uvgh26fhv
109,terra15t0yg9qjywqd2wpdksxks5p4dxm2rqjuxmrdmz
110,terra1qq8txjlrsdm3khvyg8nat6au5xa3mksgeq7rv5
111,terra12hkthawka4rqzh6gjhwkjwhh9mfxp4ms3wkda7
112,terra1f7073drtqr3snazh2vmvtxf27n4ja3v9r26ju0
113,terra19av6343jvqz5q8z63ysza9rnf7vs6dwey3vn2v
114,terra14dwt06xjvwu63peqzagps5judup8s7mymfw02y
115,terra1r34vx9xky3ryctt78x7dw7df70l9x8r6zhkens
116,terra1vdywc0tyq9tjdhy3xjdmzred6gc677dpwrzw0u
117,terra1tf065399sfrn30ltevnf8qsjafw54w49lj9e29
118,terra1evnxy4gysn99srs2pyz8z7xl62tud6vy8z75n2
119,terra1ky3ayzkeu9ffcm2h452u3tk3d293gjsnu9gvkj
120,terra1n27mkf0g8ukzn7sfuh6ykwh47h689qnpel8g63
121,terra1zhcs4pc2rddv6tqpgmvcp8r0x38mnrpysr3w0w
122,terra1e6vmrr9whcsgmvwgrfy8ml926rl8vj3sl0dttz
123,terra1yl3qyeymm5lu7z4lpjqn8xknevjdpgvhccp94a
124,terra16kzmmpway0pnz5yw94kd5ku2fjl3d5gwtxckp8
125,terra1zhcs4pc2rddv6tqpgmvcp8r0x38mnrpysr3w0w
126,terra1k5puzsa66zzmfja638ldmgj2vydttupxj6em96
127,terra1z85wad2yn44u8zmfcr6y0c5cqm9uc4nlzlfdx4
128,terra1zkk5ykfhnhp8n58e3ma7smxnhht5davmcg6ul5
129,terra139yhdedcgfhv7vey2tyge7skzy5z8w2wu3ksyv
130,terra1jtmqsduttq5eusne35sp9gj2h82p9wp6apdqde
131,terra1z4d7tt8s7jxqxm99cw0dca0wtesah90mlmpfsd
132,terra1m9pa0unshquq6fstaj50ym5ralzjvu9g3j2sdm
133,terra12evenk5he58tcexjn29d80k7hgsfn2ve3rrlfz
134,terra1du3jguax95j0k580s5wce78q3lmt5atgfcvjwc
135,terra1zhcs4pc2rddv6tqpgmvcp8r0x38mnrpysr3w0w
136,terra1z85wad2yn44u8zmfcr6y0c5cqm9uc4nlzlfdx4
137,terra1h68zlm0cnrcjq47q4x75vzsv2wrhspcal4mgxa
138,terra1yf9ggmczvzwcd4mnwxj6r3sl6hx2jz4ukgrn7t
139,terra15vhyzkrlssqjkus3es49tpkuqkpq00ajqcnvas
140,terra12a7n8yjt3ht6039mvqff6l07lthdr86wxycrw2
141,terra1x33h2hznt5z3k2rfj0umsaw72rlelwjqu8p3tl
142,terra1qzj4sx7rvs4gyjctdkmgpr2zllchh74zks0am2
143,terra1nfafze3lmwgmn4g64cvsu2784du3aevwmyg4an
144,terra1gk9f6yfzx6p90nl4ml8fftjy4qsnqjgjwza2yk
145,terra1hzyzys3s7s7xsls5gvsta3z3ylcy7fjcnpgmas
146,terra12dfyeyfrll22uszr8h4e365m9catkq9ap3zsrs
147,terra1wrftujk0ulcj3656nrs6lcygln3mtwk8lq3346
148,terra1hge87ar4fmjt6d2zqzd7w987vj09cfnvea3pzr
149,terra1s3q0fcq8t6c667edhtylxvf9pn7ppqxkes926q
150,terra1mu9v05luynn9eacw66pdny0nfr7lyljr44f7lv
151,terra189dqccwwxmj8u8xvnn8qyz85q8g70xfg0x7he6
152,terra1zhcs4pc2rddv6tqpgmvcp8r0x38mnrpysr3w0w
153,terra1zkaxzladjzfxzzrulljhg76xe36kun5jg3rfvk
154,terra1yez9t3am6acw6838ms3da6z3j5927ztw23tc7d
155,terra1mu9v05luynn9eacw66pdny0nfr7lyljr44f7lv
156,terra1u02kzrt3glv6060n9al46l4x4w92628gcn7tcv
157,terra148awzgzdptzzsltcel2k92jm3pel5k077x28va
158,terra1qlza4svxszm7c2j6ll2z2nd6pa55dm2ud79jzu
159,terra1z85wad2yn44u8zmfcr6y0c5cqm9uc4nlzlfdx4
160,terra17xav3r5smd8zxxfjl0zksc86fx8m559dggq7cy
161,terra1y3qx2mut32h465n4j2a0ed5d5r3rl75l2y7kug
162,terra1uxf38nykr9uyztnfhu4rccq04jqzuw05wq8svg
163,terra1fe39lagsf6y0ggqr8exmdje4n2pray6ahl0r9h
164,terra1dnnj0hy4wqtnhulzj69ld2ua8jah0eques3pvg
165,terra10r0nuqq753c3frmps8mmqcqmw5l9qwywls2hh4
166,terra1z4edgnvg0p305uvp22wgzpps9a6e7t2r4s9k88
167,terra1qggn8ywxywrx3sncw6ktv3wcy4cwgrm6nenvh7
168,terra19xglhafjaatq6xus972l78c2szhjy22z2zxcje
169,terra1adt70cnd30jslfh8s7h6ehgwss76srhe4vhm05
170,terra1zhcs4pc2rddv6tqpgmvcp8r0x38mnrpysr3w0w
171,terra1zhcs4pc2rddv6tqpgmvcp8r0x38mnrpysr3w0w
172,terra1zhcs4pc2rddv6tqpgmvcp8r0x38mnrpysr3w0w
173,terra1wyn0gvtz2j7fys6nqxtu80rzwp6x9g8chyp8u9
174,terra1zrcmjmwfwdp4e8leasjavlhyaj5rrn86lcjqeg
175,terra1zrcmjmwfwdp4e8leasjavlhyaj5rrn86lcjqeg
176,terra1hzyzys3s7s7xsls5gvsta3z3ylcy7fjcnpgmas
177,terra1twpqk0ujz8qdkm03cagvatg4jgwf5e0m6g7vnx
178,terra1zkg3cwmp7u4z0ajx0spdudyhtr7h87dsgm82dw
179,terra14hamt7e8f4yax9k9mvc699nxq66uzwqe8cc2l0
180,terra1zhcs4pc2rddv6tqpgmvcp8r0x38mnrpysr3w0w
181,terra1hmp00jx06cwehtvph2qtr27knlnhvg7ldxwvxt
182,terra1pjwryyh4w59cnmcklv7czdg77flzjne0wyycyv
183,terra1ehnnzyvupsywq0fjumxeyh0svcnnn6wp6fuzyr
184,terra1p8fpmgce20mh8q843wvywxug7vpf4w89085lxv
185,terra1qgvnp8knehmlxlta72u7pdcfw4ua92pc6cjrsh
186,terra1dfhf8fjpn54dg34z25tztlgy3a3xtj9qpv8khp
187,terra1eyf7wxefg6y0h9vhnh7prz7apav0wph7jl9tq6
188,terra1zrcmjmwfwdp4e8leasjavlhyaj5rrn86lcjqeg
189,terra1lqtt4ctvy8prw8gcvglmg63hs2lekxt64mg3k2
190,terra1vnpphd4qvjth5lhg9d6g4ytrd679gc9nc7n4lv
191,terra143pr2qzn496dym7lgsn9a8h0m8t22mf9v3627z
192,terra1qq8txjlrsdm3khvyg8nat6au5xa3mksgeq7rv5
193,terra16vmqv8jyux606ulgq2h8t2vyd0k8aqh5cgeple
194,terra1ylwddpfx4zuangj8jkl9paxdq35s2cvg9htesp
195,terra1rp5mt49jgce66ewfag9sh6w9u0mkyd6zajmyrf
196,terra15t0yg9qjywqd2wpdksxks5p4dxm2rqjuxmrdmz
197,terra1xay938y2zwh7n5gwck2tpz38jfgnn9d5q4ramh
198,terra1gm5sjstlrup2t44ksrkuwststda426t2muctty
199,terra1p6gx794ffekqtaaammtqdmhdvf204m0jr7qzsp
200,terra1gkchs6p8wqaz9rutfnqc3hx0qnh2mwkra6tzfz
201,terra1gkchs6p8wqaz9rutfnqc3hx0qnh2mwkra6tzfz
202,terra1pshen97t5w0rkzn5v2xdnjgypvt3hydg6zkheq
203,terra1wlmsdgflt40h06a5g8eql8dvc76gx9kq9tlhj8
204,terra1lxdsdsl5pm0yw8zfzdt409654dny97xqdlrmv4
205,terra1szryaylqz897p38z5kt3rd34fap5n6g7fzppfl
206,terra1qqrqpfacj6phuhhqxh38ten4m02lt6yhzgdwa7
207,terra1gyvnqp8uyh3hjx0e9egm4k2z2yqajs6scq2e55
208,terra1l5ueft9awlf4kvdewpxykkscmqa0t7yc0y764h
209,terra1xeve8vkkltsd9uzaqya78ywtspyc35hrvsvkvt
210,terra1ajj6cjwpx9ltchptknzeawcqjm2c6r04a4n0s7
211,terra1rjm4nys9kywcz9v0fss5g42v4gf8af6t9hsh5g
212,terra163v47mfr0m6z2cxlekz4jdk5nuj4yh03eh48e8
213,terra1mr42uk4spj9g87wycj9jafw5lvwnp62vg8ns8m
214,terra1zrkmtegnr8fc520pvxe97994jjpm8qmldy7r6e
215,terra1m75lehxkerm9u20ww8hq0uw2a0nldgmrrsvr6f
216,terra1vsm8t8cqyxlhxxzlmuuw9ts358whvlacglxszy
217,terra1zhcs4pc2rddv6tqpgmvcp8r0x38mnrpysr3w0w
218,terra14ahcwj0ky5tdd0htzaeyv5m7s6zymns3kc8dxd
219,terra1djkwwpgevx42h8j7zwtgtvy2zcd2z345n5kuhn
220,terra1t5sfgvlydmkrx07z63yp5apk7s2z2mt649rh2m
221,terra1hydd8wcxnyknp5e56ddptsfvwgnjlexsqtvxgz
222,terra1mdwvgknxvwe6kxjfj4j4y8j2ule3ep7vq7dh2a
223,terra1z85wad2yn44u8zmfcr6y0c5cqm9uc4nlzlfdx4
224,terra1zecmmmzmgp2v9sn2ntdyh0l436drv67kd9zxn7
225,terra13l7ymly4nx8vjy2na5nsuk8lp8vutnphfv0r5e
226,terra1p6gx794ffekqtaaammtqdmhdvf204m0jr7qzsp
227,terra1cat5sn8qg2hrju4sw6enf5wgh47uk6mgwtlfuu
228,terra1zhcs4pc2rddv6tqpgmvcp8r0x38mnrpysr3w0w
229,terra1uwf9s3lzatuzdxq9xw8qqz9spryz7cu3cn04hh
230,terra1mu9v05luynn9eacw66pdny0nfr7lyljr44f7lv
231,terra1e8t6fyncpwue7l7j3p6y40gn4jq4f5qst5wanu
232,terra1tpp45pqzqpre0l7xsjvgs6gqmvnzca862m9ezr
233,terra1zhcs4pc2rddv6tqpgmvcp8r0x38mnrpysr3w0w
234,terra1aj749s3mqexkn4q79htvchk48wrn2lwrqcqsrc
235,terra10xzk893afxxkvyzxg9vzsde4575yjrjfapph3r
236,terra1zhcs4pc2rddv6tqpgmvcp8r0x38mnrpysr3w0w
237,terra1y3qx2mut32h465n4j2a0ed5d5r3rl75l2y7kug
238,terra1knrwndw5gyxefmg980xdauype82nt7qtntkqyl
239,terra14yvcqjjur4a492zagtfdtdx0lz2hyt3rtfajna
240,terra1dj7wqdmx4ks78rzt3atafkqwfa20k88gye8wr2
241,terra1mu9v05luynn9eacw66pdny0nfr7lyljr44f7lv
242,terra1jfnw8u88kwue2dm48mj524u9a0j8f6r3y6yx5w
243,terra1y39llhw8mkgj8k5mr8ls2cc7fgalsw0kx39n4j
244,terra1dvr0f5xzu76fymacaqd3dhk6q8j578h9zw8us9
245,terra15jwqfpjk04g52x0g80r7lyw0ym98trwmavsu0r
246,terra1r34vx9xky3ryctt78x7dw7df70l9x8r6zhkens
247,terra17psxg989e9x455smgq6mf3snaqjx3z3yurr6h5
248,terra1emvp5m5x95ltjff59wen38axjqem5rxfgkjhws
249,terra1wzjs4n7tm5mxganq455delml2j02yhdfjm57ky
250,terra1d864txy55698svvpzjg0h2uzyjygy462lkpg92
251,terra15t0yg9qjywqd2wpdksxks5p4dxm2rqjuxmrdmz
252,terra1gysw999th6hxz2u6jhyyyj92gu0ru2gutnd3xu
253,terra1z85wad2yn44u8zmfcr6y0c5cqm9uc4nlzlfdx4
254,terra1a0frmrujv6lhhje38rm3acsa7a37m7hdveu4wz
255,terra1wucep22ncgg2ze77nk56grvwx0wwfycys3c75m
256,terra15aghyfsd7dre3kfs2svlspemggmvfddjfde32y
257,terra1062lwkvprzygh5uqxmk6qxnmrp87d8u8vty3xe
258,terra1na3e2h596w2r96jtr0chn0wdr4y8zwhwjv0y8v
259,terra1e5q8ggeg6kaufc2tle9rstrsldwevzr0qpd8hr
260,terra13azkg2p7ctn3v39d3qav98rlr0adztsrmn2hxu
261,terra1tpp45pqzqpre0l7xsjvgs6gqmvnzca862m9ezr
262,terra1zhcs4pc2rddv6tqpgmvcp8r0x38mnrpysr3w0w
263,terra1zhcs4pc2rddv6tqpgmvcp8r0x38mnrpysr3w0w
264,terra13cfswjhk80y0hmf3wuupmqwrg360agwyr4k9zc
265,terra1g4jcj66zcgmxrcsu8yshknjsjpklgjg263gh09
266,terra1rag3d7r2zquekt42n53cea85n4dzxar0p7fc8j
267,terra1nhfp2ahlhrr0lt4c0zk75lavlssuxcjhchtmmr
268,terra1rvqknxrddeqdlp60jmly84re6tudc3y3ydqmca
269,terra1u97yfgk78qppjxkrqmx2r9z8rza3vlrs8hcmxl
270,terra1phr3mqzxgpuu6dvax89td8ht3qn6lq043td84m
271,terra1x6u0t7zw0see26kd7l64544kfu8fmjzpnr0y9w
272,terra18nkcm7pkg865v6286vnpvlx6prqlt3j3ntly39
273,terra10xzk893afxxkvyzxg9vzsde4575yjrjfapph3r
274,terra1ehp3xvzvm4a0w556lxnwdtkczw78rk7730s44n
275,terra196898rwsnr9tqzxxm3vmyktq55cq0xx3asxxcs
276,terra1zhcs4pc2rddv6tqpgmvcp8r0x38mnrpysr3w0w
277,terra1crvvgahfsenczm9vf7nkq7mny249dhj6ruyrlf
278,terra1502fegf4hx6naf7zw6ll25qrahrrvse5zmx8yl
279,terra1q45l422df0g89ark9zgrygtwmufzzv9kz6hqyv
280,terra1zhcs4pc2rddv6tqpgmvcp8r0x38mnrpysr3w0w
281,terra1zvedafryq8fw4zuf8lk4704wdcy8asvrvtn9jt
282,terra1s4plrnd9xgr0r6gphsae9mu963hhcks44gm5nv
283,terra1mhchttdx67qutg995465yxuj3k79frcdc5mxm8
284,terra1zhcs4pc2rddv6tqpgmvcp8r0x38mnrpysr3w0w
285,terra1zhcs4pc2rddv6tqpgmvcp8r0x38mnrpysr3w0w
286,terra13qa7rw3nhr0g26ww5r56g6afgmm6x6qqvt34sd
287,terra14fzl8p5pkpstjxp0aand725t5st2m6yr2hdv49
288,terra1vnvpetucvvxdg9m72v5nkwl2kvekw3zjyh5jey
289,terra1h0w0pj5ea2m8ptvfqulug5x7wf2ej3d4fq64rp
290,terra1rj5sz47y2pjtg3tmauwu7pznx67stz8rrn6kwj
291,terra1zhcs4pc2rddv6tqpgmvcp8r0x38mnrpysr3w0w
292,terra1hltlcusv2p8muqg6dck55sulk7szyncuvv2sm5
293,terra1sryhqcsl0m0gqznzcv2yku2l8vuckv2fjargls
294,terra1ny7n9efzvyr795wazmxqzetaqxrvy26u6cfh3e
295,terra145vgu78r6auwhxm7urga06zrdmsev9xn0dc76y
296,terra1z85wad2yn44u8zmfcr6y0c5cqm9uc4nlzlfdx4
297,terra15nsrrz66ct9xmmcd9sdz3rhrddp3hccwx94spl
298,terra1kvxtlcmpjdc4uh7gxpp6r83a2xd4c3kmrz9wpr
299,terra173m9dlpu604hjnuw34srwtrh4u5mgpw6yzk9gq
300,terra1phwjm0lqzgjzqzltvk2wds7a86nj9yu2kfdsg9
301,terra1vhmv8036jkt72fg2kpxl66u4dvgulqckjqqhd5
302,terra1u735ckl0qlfne032z98rmzlvesn34d0lxcpw8g
303,terra1tu8xannznek6u2f5tpejhs26gvwn9z7d80d6m4
304,terra1l2kwuzvm5l6vcjgkgklkeqkwuh292hc0ze5uth
305,terra1gysw999th6hxz2u6jhyyyj92gu0ru2gutnd3xu
306,terra164lwx9p7w5tty57ujwexue2wg4wjt0gz4p4uga
307,terra1kgt2cr59u6t2acpwwpzy7defulwaw84mf9w4yd
308,terra16ld2rwwv0np5qdtx755zr380qfgp423m3fym9r
309,terra104tnpwp6sx7mfjasy05xdu0yr2p55nrdsaryzv
310,terra1aj749s3mqexkn4q79htvchk48wrn2lwrqcqsrc
311,terra18fjjhr9wd8d9t6ss9t59yz75tsd2qdgqxy5y0r
312,terra1rkx9gclnnz3gmm7vnwje4vvyp3rl75vagffwlt
313,terra1rvm42luxjudjaf0ljzducev4wdy4hxljl6zx67
314,terra1eu6kx9ey0lmhyzv7j27mku8jzf9a8vka6wh55p
315,terra1yvsegy8k3gakjz23qq02dzrvkalvl2s9phsvze
316,terra1nhfp2ahlhrr0lt4c0zk75lavlssuxcjhchtmmr
317,terra1zhcs4pc2rddv6tqpgmvcp8r0x38mnrpysr3w0w
318,terra1zhcs4pc2rddv6tqpgmvcp8r0x38mnrpysr3w0w
319,terra125duhmqk9g6ergy0x8hsmuj5g3z623l3kp355e
320,terra1pskz7gzvw443gtnrkpygewn6nxh8yhxp2t499j
321,terra10zjqdvghyqxw347rxcp6j6wxl2rs9dzf8gcxke
322,terra1ud70fuf6qpxe7c28e8fmg824gdmkpg8zejqcmx
323,terra1xjh6h6smgu9lncezjzxjktq466q9aqnv0t9kjd
324,terra138uthvskpw9n4kgwkd5pzxpfl9smzt4zlhq5le
325,terra10nfkg38nsdpz7mh3awyxu6vxrrhdsqaq7m254t
326,terra1qdu9s02j8f22d8e2p7q3c4u5jknvutquw2z56j
327,terra1jmkm8tgpfnewup7vmus9xlxgy5k3nx0l5fn254
328,terra10tv79xsrh0vklphygcnehtle7g7rsl6c35vdze
329,terra1zhcs4pc2rddv6tqpgmvcp8r0x38mnrpysr3w0w
330,terra1zhcs4pc2rddv6tqpgmvcp8r0x38mnrpysr3w0w
331,terra1zhcs4pc2rddv6tqpgmvcp8r0x38mnrpysr3w0w
332,terra14wk26lm0dpmkahtch4jkvzz3sngke8ej6urnce
333,terra14kn80yame8qqwqp65hc0878fzzmt20ayszxz4s
334,terra1tq2sa4ld7jac06uwgxca9gcnqr0eqaqxj0ns4a
335,terra10ede50euff90sm0jsaqxxuwf062zy4gpy3gmhh
336,terra1jz4yxfml2wnwqyesdg5ezf2axcqc875unp2xsy
337,terra1wy6y7m2j2akzeh0c7ysv3v7dqx8xspxvydpgmz
338,terra1e3r0eezgjsfkk0pwlyhr4rlaz5n8yfp8qpnqgp
339,terra16w0aknuunt8lhhsx0n2h2k7enxt9s5pwlg5hl4
340,terra1h4vvt5dm4xerrt0pxs64ghdfk7ycfq5fnzpcx9
341,terra1ur6dgmj4pdfvpdku0yus2qymsjzha464pfadj6
342,terra1t68qekympw6nurw8m0e2frm6mjv7cvaqc5f5ae
343,terra1l45ujg23l6aalxgk00mvzgp9r249ymexnnqp2j
344,terra14sds7lyqc7wdccqzefmw348slfm6k07mleua36
345,terra1pxk5f8kstefrsvnlxlcc7z9ng6t6a5qvrwrlw9
346,terra17mwnd2tuhmh6cckqm4ux7rszws4s7z02mpx8lq
347,terra1p97lckr6jwtd8nmxf8l9qldg8z0vafccfqwn0q
348,terra13yh2k26n9ff50c4v5mu58wwawepsaxy2lgs5l4
349,terra1sv9tsetsfz2zfg6j7dvkgvygkuhmymhcucplq0
350,terra1xnzu34kjh4ucdqsluywy2qe74n9y8j3ssdfqx0
351,terra1e7k2v3wqu29xdkpzk5pu4dzn3dt2yxcmphupft
352,terra1zakk54f29jdwu7ejmyx9vlx59s3m9jwyekzk7g
353,terra1urtg9vh90z4k475ejlv0zruj79fhcq6qqrxjxy
354,terra1zhcs4pc2rddv6tqpgmvcp8r0x38mnrpysr3w0w
355,terra1fanhn0yrhfxtn6yzuhsfknfndwu307j460g3gw
356,terra15wd5arnmq0lgpycura4rd0m5v692jnys0xld72
357,terra15xmsn2z20gdfslf65eegtq7yvcgvd7tvg9gscq
358,terra1m92rtr85xzjr5j3n3a3vu4xtqlhq2mnmxynzaj
359,terra10qk6zp9g0xkxwqnlkqcsyx74vrqu228m5s2ekd
360,terra1sudl7kaq935ncgxx4mmrcp5ffw8gayv2kwf6vk
361,terra1a8daucv8u02rvyxkm5fpf2t7rj9fxzcmelhuu3
362,terra1ujg5m47rqrscq82rxqcn6hcz29vyjvmp3f2uss
363,terra1pngpgh2q8vwxwsj8k80xllgx0t6p4jhrcyjs7n
364,terra1nu55cxa2m0t4texqch6dxv53wwxp7tk89fsq7q
365,terra1h6r4k4r29yt3ma8dh9mazmjcaft2dwnqs8tec6
366,terra1uvujk0juekjwjf9hwzxuccqrghj5hha768gvp0
367,terra167z7p3qc4x0pj590jx2pxpvvwg02xxmrn4mv9t
368,terra1jmkm8tgpfnewup7vmus9xlxgy5k3nx0l5fn254
369,terra1luvyghzme80hcl0qlpgs7n2yelurllv0n8g8lc
370,terra1a3c02vhhqqdnn2c7lqefhvh9vgktca7q9fl35u
371,terra1erdzfa0y4uk7xakf7cadrqjyndka083rz0ns8y
372,terra1vtndqwr63yugu8wuyr0lr7wn7s7jzeuzj9fclf
373,terra1dkyphs0gftagfa69l3a5huvfqs3t7a7gxap9mt
374,terra1jmkm8tgpfnewup7vmus9xlxgy5k3nx0l5fn254
375,terra1zhcs4pc2rddv6tqpgmvcp8r0x38mnrpysr3w0w
376,terra1z85wad2yn44u8zmfcr6y0c5cqm9uc4nlzlfdx4
377,terra15gxfujeh7c825hl5twwcsnvhmq07cdnmne5p5y
378,terra1ukef5xxc65qmyj9djklssyy3dvw4vkke3lafwp
379,terra1s349mr9cf3tmt2lgee4kdva7y5ytwuv9ey799q
380,terra1x33h2hznt5z3k2rfj0umsaw72rlelwjqu8p3tl
381,terra14ada8gshpc7j0v6tr58qgdm4v2fmatzzrm3kuy
382,terra1cp5v4s9799phy0ax24ptgfxqqarye6vaqgdklh
383,terra1a4eytrkrxvk2p9pcnummcfru4fs5w5muea9t79
384,terra1rjm4nys9kywcz9v0fss5g42v4gf8af6t9hsh5g
385,terra1zhcs4pc2rddv6tqpgmvcp8r0x38mnrpysr3w0w
386,terra1zhcs4pc2rddv6tqpgmvcp8r0x38mnrpysr3w0w
387,terra1djkwwpgevx42h8j7zwtgtvy2zcd2z345n5kuhn
388,terra1n0c9yszxsys4pzp7fyacd6paqphj42ee8978ae
389,terra1j8d65wjqtezccxhqj5k2jd56tx0rdz2vus33aa
390,terra1d2s3sgxdd9xdp9gtfr0uaenm6d66t79u5t6cch
391,terra12rhm73kp6ezdhu0cqfxf0a9q9evq7zkcmv29uw
392,terra12hjugaqcl854fcuu5p46rvq3nwttr8pd53xq7l
393,terra18te0uh5d7zx4tjycjh57u4he0gmprldcx7jusm
394,terra1x0c2pzd9dc2d5znlm2mqx0z75l2clu94dc46hd
395,terra197daqlllpny4fpjql839x5kl75t6zy9aahuqnm
396,terra1frtef0cywq69tmsvgtrqrlg27f0lp50mcdgadx
397,terra1v6sf9nmhs6kcs88apma4vwtyeur4sr6m9a70nm
398,terra1yzc68hg0h7tcumpz7wcek6qvyyx632vg9qudre
399,terra1gkchs6p8wqaz9rutfnqc3hx0qnh2mwkra6tzfz
400,terra1527gn65slmz6pjwsl7038957kk9gh3pqnpcjzr
401,terra1x86efvydds7szfymyg96dyt7j4cw77adnpg9vs
402,terra1mhchttdx67qutg995465yxuj3k79frcdc5mxm8
403,terra1zr05f5ph629qt6tlchnv6x60yhjx46exzd38jj
404,terra1wkvpdke05hynvae4qn9w3rjxk7rcxhpp68ruuf
405,terra1cxjqdp8lczsqs5upncljmku2t4xqfs8mm8p4mr
406,terra1cpls3ac8uje2va2cpdnhhw6xrd06vx62a0fhxg
407,terra1fl9ytrg64mfndmjd9fy5d3d5mqly2lt99s72vy
408,terra1l5ueft9awlf4kvdewpxykkscmqa0t7yc0y764h
409,terra1ajnsehu63gwkef9y5wfxu9g0pkxudxy0tv6j0c
410,terra159fxsdmk7gqrg3fklawz24kznee9xpzt789zxj
411,terra1jq93tdm3kktf7tc73ade0866sm5srd8namrf7d
412,terra1excw9t98k5v88vvqvam3aux0mqmynxa63e89w3
413,terra1eu6kx9ey0lmhyzv7j27mku8jzf9a8vka6wh55p
414,terra1qc080x72xek3pyvk7wkzescgvg2rcxua3hwrnm
415,terra1s7sxwtnj48cuxrar226p8h3439x34k93efad34
416,terra17tzdkmyy59v8c84wqrwj79smv8e0clukfe5e83
417,terra1qg0y69azds7duey2jmp95hps5nsxlhdv84ufnh
418,terra1zhcs4pc2rddv6tqpgmvcp8r0x38mnrpysr3w0w
419,terra1j3vxplr3zpr4lpuy6hkjq329ujwch85e2ylehe
420,terra1kznyy6tta8ju607m9k464me4pyps6wc8emjak9
421,terra1zhcs4pc2rddv6tqpgmvcp8r0x38mnrpysr3w0w
422,terra1zhcs4pc2rddv6tqpgmvcp8r0x38mnrpysr3w0w
423,terra1zhcs4pc2rddv6tqpgmvcp8r0x38mnrpysr3w0w
424,terra1ewyh9s223feaepuv8feerhkwvkec26wzr0zhsk
425,terra1gjyvcra8a2ylsdmvlkdn46dfprwmprdgefraks
426,terra15t0yg9qjywqd2wpdksxks5p4dxm2rqjuxmrdmz
427,terra1zhcs4pc2rddv6tqpgmvcp8r0x38mnrpysr3w0w
428,terra1zhcs4pc2rddv6tqpgmvcp8r0x38mnrpysr3w0w
429,terra1s4plrnd9xgr0r6gphsae9mu963hhcks44gm5nv
430,terra1c3nheuru0lsp24f427jt8rzdauhp0etfxrhtv6
431,terra1vek2kwrn3km9fdkq54qeej6nhqsyww75zvamwr
432,terra1jdht3kua0pau0u4y8m0jw9stmrl98ntjjtauw8
433,terra1rk8sqaw2vuuvfrt2qghdf7wt7gpkx4kjf9sfg5
434,terra1mu9v05luynn9eacw66pdny0nfr7lyljr44f7lv
435,terra12a7n8yjt3ht6039mvqff6l07lthdr86wxycrw2
436,terra18fjjhr9wd8d9t6ss9t59yz75tsd2qdgqxy5y0r
437,terra159fxsdmk7gqrg3fklawz24kznee9xpzt789zxj
438,terra1w85zhvt8h9v5v0sj3gr3fpfk5z7k3k4xvmqszj
439,terra1pfh0dppmjhnnsakuvkdae499reprfnfczj67nt
440,terra1aj749s3mqexkn4q79htvchk48wrn2lwrqcqsrc
441,terra1tslxaswsdm208yd43nr9a2naumnylt5zk9lv8x
442,terra1n9swfaa9zlc5gs2stl8qrueew48s5x6pnc0aw3
443,terra15t0yg9qjywqd2wpdksxks5p4dxm2rqjuxmrdmz
444,terra14adge4r5tvuvqjuvd66kgupmee8l39wnna2lg3
445,terra1068dgd4d0kz8mfppnjqhagreamnalhenw6zkj4
446,terra1qdu9s02j8f22d8e2p7q3c4u5jknvutquw2z56j
447,terra18fjjhr9wd8d9t6ss9t59yz75tsd2qdgqxy5y0r
448,terra1m9pa0unshquq6fstaj50ym5ralzjvu9g3j2sdm
449,terra1zhcs4pc2rddv6tqpgmvcp8r0x38mnrpysr3w0w
450,terra1tpp45pqzqpre0l7xsjvgs6gqmvnzca862m9ezr
451,terra1s3cru4ad6g44j6arjq83y807x0nmxy2gmdskr9
452,terra1fnjl4h8mm9km30va9n2k0ypr6a4s0wjgmrcqn9
453,terra1mkjj0tsystm9t9mmewu0jzyxklzevmwtp92d3q
454,terra1n2njjct8dggcm5znl53vv362vq5wsagye7afe8
455,terra1xzw630grutqv5qmucyh7sad4ujjdlr0ejdgu0v
456,terra1cjwshx2ktqdjfsg7vq92rhyzevqr2yfs909r3w
457,terra1zkaxzladjzfxzzrulljhg76xe36kun5jg3rfvk
458,terra14uapeeadtcx6nwjtyrgwt3wfptmn5eck68x4dd
459,terra1mwlu800ff49v0gqq0qll3q0wd7h3m24t4y3p5a
460,terra1gkchs6p8wqaz9rutfnqc3hx0qnh2mwkra6tzfz
461,terra1l3yvq7gjh2rgjzju503lhszxpergkg4mn0s20t
462,terra19k3s3gv5pfm3kh4utry9ty0hsulc2n8sv5shu8
463,terra1uxa7jk7g20egs5kx3ygc43df5nsd4lcj44tzng
464,terra1rnynmxm03lg54rrttqtkv6e2vtxjdfkrp2pf3x
465,terra10xzk893afxxkvyzxg9vzsde4575yjrjfapph3r
466,terra17xx2hp3wyz737d9ssq3yjz3apjdqdehzakhdx9
467,terra1prx4ytfmgynn376gtans3nws3ell43hds8wpay
468,terra1y4rd9c7lmxxt5m9f6d3wryeg8lmqx9sunxp726
469,terra1fw4m2a66zwr4elmzc3vglfdq06g7pagvu3lnar
470,terra19tp2zcrkjxkqpwlhuedgstzx4ay502n9f0jyjn
471,terra1zhcs4pc2rddv6tqpgmvcp8r0x38mnrpysr3w0w
472,terra1zhcs4pc2rddv6tqpgmvcp8r0x38mnrpysr3w0w
473,terra10t38shkxwr6ufk6nu8uaaehd5w2cen7ynjvyrj
474,terra1zhcs4pc2rddv6tqpgmvcp8r0x38mnrpysr3w0w
475,terra12c5452d96ljhfncxesmzphtg9ekalstlknha8n
476,terra1jfnw8u88kwue2dm48mj524u9a0j8f6r3y6yx5w
477,terra1maq22sfgnwyzn95m9qy2f3pftxj3rqv0n26jvc
478,terra1yaplyr9ucl50dzv9j959nt6xngh9f2cml02xjy
479,terra1jve2yr39p7zwepqqe0r48gc6ewv4s3stl0z4ss
480,terra1veuurpqptmrcdcfrwrg68ewuz7nck3cc2uakxp
481,terra1rvjxahzk4xdsydxmk2zw8yks4esen7g03uqcve
482,terra1x74ugz4u93z7aqywanufka40dhemk78xc225z4
483,terra182sv6myk3l5slnf6ltq4pg6nal8uya4h0flfvt
484,terra1zvedafryq8fw4zuf8lk4704wdcy8asvrvtn9jt
485,terra1gkchs6p8wqaz9rutfnqc3hx0qnh2mwkra6tzfz
486,terra1rvm42luxjudjaf0ljzducev4wdy4hxljl6zx67
487,terra1t70xq9pjhvvzvzsjqf4a8hq75wjhe709eaedul
488,terra1mvvrf4gy7eu8tt3r4je8s398ujv87uxsu8w98n
489,terra1eyf7wxefg6y0h9vhnh7prz7apav0wph7jl9tq6
490,terra1jdnlu9v6waajucq2pamzutsnzzj2mnx75sgqud
491,terra10mupfqe3cwufm9txnxd3x7v9vkqqghhp5x5hjt
492,terra1h7eus37kvawcap2jvra88h8ehsajjguqrhfngj
493,terra1e43yr668uppg4x7np9h0kv7x84luwaq638hqxm
494,terra1qr8m5nf9pjy8eff7u9j6wth7xcccl5sc3hv93e
495,terra1qgvnp8knehmlxlta72u7pdcfw4ua92pc6cjrsh
496,terra1c69p7l80yhf7j00strazvp4p7eufzk2rhtvfze
497,terra1c3tvaq956thqmnpz78daqavfxvw46cegzszuza
498,terra1a20kmphp2lkj5m2l9c5a9quahec64zhlq2j70j
499,terra1phjz0l8h6nww2w55ha59mqx9wkh0fx68duhq9t
500,terra18fjjhr9wd8d9t6ss9t59yz75tsd2qdgqxy5y0r
501,terra1wrtym2w2x0lxukkmynzhfwr2fnv4ra8zrj7pf4
502,terra1867x3gd5l4vhqa8dhwrjpsz62cu3yjl7ycyd0f
503,terra1ksxyrl5razp8ju0q0su9ym5rggaxzumdll2p4l
504,terra1qhzwq36tn4e3ry5jk2x96ra3mex6zxvwwu0zj7
505,terra1lqtt4ctvy8prw8gcvglmg63hs2lekxt64mg3k2
506,terra17f34xpp0nsj70p0j3gjs5q74lggz352nq5eeej
507,terra1mhchttdx67qutg995465yxuj3k79frcdc5mxm8
508,terra18jfe9gkg6dchxzpgg4nw6xdft4482c6upnz7sz
509,terra1kzucs7yng6la8qv3yj9qlqq9kcwv23kkd96fwj
510,terra1j7es7rgwc6vhcv68y4n37pf5aj5dpwvv66etf9
511,terra19fj542j9tknlzjv7es635padwgwufrnxs3ev9w
512,terra1hgts3yuf3yuc30wwfelpj9p6gg6tfd9l7903ju
513,terra1aj749s3mqexkn4q79htvchk48wrn2lwrqcqsrc
514,terra1dw4cdn3nr465xjhcxs8ug4h9rw2dwk6he6km7y
515,terra1aj749s3mqexkn4q79htvchk48wrn2lwrqcqsrc
516,terra1y30nk3g3vjep4dlgyjgwz7y9866rx4u8l5yqr7
517,terra13uuwphc3ae5qlrtw2m9rufvmecxvh2xxxgs3hf
518,terra1tumwekuyj8ksdfep97z27tfjeqwmr8j7qdryym
519,terra1lhyt8lu7ja4dlsatj40f5u74qwhhw3c5jh8yht
520,terra1typa8qgys07k9f30dw7kekf59dm8q2xqhctftx
521,terra1vc9vy4dayz2lhy94fe54fp575dktv2cufz5nq7
522,terra19wyf376zt9wl7y4qz362sxfmwpw9fgyf7vu6pp
523,terra1c9y43gyrva5gffjgv0julsc4tl2szz0dhx0pan
524,terra14uapeeadtcx6nwjtyrgwt3wfptmn5eck68x4dd
525,terra1pvlhxnqeyef5y6f0wx2std966g0z257h53xkl9
526,terra13mwm2j7w8fwhr6xdza87232a9znu2j7f35wdzu
527,terra1ywcj0qmuvfv6v97esqd6qyptsw2cqzya8fx4kf
528,terra16pcv5qmdg6ym2ce0xz93gfeyn9enmyt66xcc8m
529,terra1zhcs4pc2rddv6tqpgmvcp8r0x38mnrpysr3w0w
530,terra19fj542j9tknlzjv7es635padwgwufrnxs3ev9w
531,terra1mt5qzy7mgm9jqnazj0juzvwskv88clfrmsmu42
532,terra1zhcs4pc2rddv6tqpgmvcp8r0x38mnrpysr3w0w
533,terra1s2argeh37guygv740yj8f5qw27qysnjm8me7cp
534,terra1usq8ms6slmljel9ytn5gvcman0hyl3mdmlzqxj
535,terra1zhcs4pc2rddv6tqpgmvcp8r0x38mnrpysr3w0w
536,terra1zhcs4pc2rddv6tqpgmvcp8r0x38mnrpysr3w0w
537,terra15p763dkhth9z4y4a54n5deh7jlkkd7jzwukmaq
538,terra1w85zhvt8h9v5v0sj3gr3fpfk5z7k3k4xvmqszj
539,terra10h38tj53dcznsxt2nl6vle98tcwujsenh6se9f
540,terra10l0rtegq3edqw8cf4j5xg7aj23500swe8vydc4
541,terra1r08j5u03prktg8xv7qn2c5enmmgqe6d8yjcas2
542,terra1tcn7e7qmmfugld3lpqfdqmct0szfdqqphma7yh
543,terra14qul6swv2p3vcfqk38fm8dvkezf0gj52m6a78k
544,terra15luqkfzhsrl7dux8as0x6vx90k4xzdrkgf9hfd
545,terra1k2pfrhxrskfygm8euztf5dz8slnxsh27scxdwh
546,terra1nhrc4kxyqens7ajnr2z5etupz8nyral7sh8wjf
547,terra1mppl25zh93t4png06w527cthay0dqrz44qr2g9
548,terra1mu9v05luynn9eacw66pdny0nfr7lyljr44f7lv
549,terra1wad9uu5a6sx5zmsjfnn0dg8pqdksd73sdad9sp
550,terra16y4deky5mmcdgnx3ar538y7w7d6zh69qxdgjf4
551,terra1grfnsfke8ap2zcwjsh8qu8eu0kp3hq0mkcxww9
552,terra1f73t83x0wc8t6cc4xxtwxxn8xheza9he9h9d0e
553,terra1aj749s3mqexkn4q79htvchk48wrn2lwrqcqsrc
554,terra1mdjnkzs7uu9dnsdldmz9hngwcjxqhy45rqky7w
555,terra1zhcs4pc2rddv6tqpgmvcp8r0x38mnrpysr3w0w
556,terra1uxl3cssrcu80ptaz5zhf8eaa7sm36ewyff6gzk
557,terra1ejajqtwvg8vwgayrcepv6f7t9ze9nkxzh2gdfl
558,terra1pz3ay66gkncrrg747y22dmv027mhm0w8hf9nvs
559,terra1p644cv2l6s2xwwh2edp82m3dzmxd04uw7wr4au
560,terra1zvedafryq8fw4zuf8lk4704wdcy8asvrvtn9jt
561,terra1mu9v05luynn9eacw66pdny0nfr7lyljr44f7lv
562,terra1tpp45pqzqpre0l7xsjvgs6gqmvnzca862m9ezr
563,terra1ag449xakvj78hvyzws42l7gf9tzen8fk0sv7cc
564,terra1h426h8u579treed5r0f0llhq0lwht5vkkeu264
565,terra16pcv5qmdg6ym2ce0xz93gfeyn9enmyt66xcc8m
566,terra1rvjxahzk4xdsydxmk2zw8yks4esen7g03uqcve
567,terra1zhcs4pc2rddv6tqpgmvcp8r0x38mnrpysr3w0w
568,terra1fm5w7f2kef50g24dvvm4j0ujfknt2k7sljhv58
569,terra16yfpk5y6hpksqgu3n2pptkhnwchuuv5qjegs79
570,terra1eu6kx9ey0lmhyzv7j27mku8jzf9a8vka6wh55p
571,terra1kmzxj2sx90vqfdjl0fhn2m2jzudh5h74r9hfzp
572,terra1zhcs4pc2rddv6tqpgmvcp8r0x38mnrpysr3w0w
573,terra1zhcs4pc2rddv6tqpgmvcp8r0x38mnrpysr3w0w
574,terra1eyf7wxefg6y0h9vhnh7prz7apav0wph7jl9tq6
575,terra1zhcs4pc2rddv6tqpgmvcp8r0x38mnrpysr3w0w
576,terra1z2tqnqwe7qs5gape9pxstnz39d7s94r925s3wg
577,terra1fh5t32ukvfh92lda0ck8cv9qv9qngxk9xz49v6
578,terra18zy83eaknq0j8cum47vp57mzlpz2tuq5ajnx0e
579,terra1zhcs4pc2rddv6tqpgmvcp8r0x38mnrpysr3w0w
580,terra16gkrf094rtq6r3v76ucq4m3ncta9gfnhleh886
581,terra1ygfjdvdgjmpjhtsrh0v8lgp8de7g87sgu8fvg6
582,terra1zrcmjmwfwdp4e8leasjavlhyaj5rrn86lcjqeg
583,terra1566s6f3n3q2p4lrhw0dh6fajqjwgvs6mke067r
584,terra1uvujk0juekjwjf9hwzxuccqrghj5hha768gvp0
585,terra1tgeut8skxgp8krzjdvy26evvmlp0utrljjlv44
586,terra19kqa7jyeru55xef6nahnsx8zx8f39tmjm06mrz
587,terra1g43kmjk2ydl3c473ftm06dl4nwx9a9mat7cgrx
588,terra1trldvl3crwagv2ts7gzwc2eerzy5wunekt9t7v
589,terra1w703cvj75q34cvm5q5awnrn345zv2nfr5ctgal
590,terra1hjnpyvyqe8l42sr5j4ejmvklmrlpk74sqd3xj4
591,terra1lsjchndd52e3t68ax95mehx0xnw25wmv6jhtee
592,terra1unxrd6u3aus3yh2909gruk26090h7fvhrsl6ka
593,terra1m5ch9rfu36fsh2379q0jlue7k59fqhqvhhtcgz
594,terra1twpqk0ujz8qdkm03cagvatg4jgwf5e0m6g7vnx
595,terra1s4plrnd9xgr0r6gphsae9mu963hhcks44gm5nv
596,terra1kyal2hr35a8v700d6wc2p0sv35fj7plrpmxa0x
597,terra1xke86c76zreafwghkws0cau3t9fzn2x95uramt
598,terra1vwlf2ufkh6vc7celg4rpgcyf4wnkxkgtp6xld5
599,terra1949slshpa5xp7udhkehsex2ppxt0p0n8f6mpmv
600,terra14ewz67xks9swls4ks6k8rthtrzlgyrtyaurj6f
601,terra1mhchttdx67qutg995465yxuj3k79frcdc5mxm8
602,terra1tgeut8skxgp8krzjdvy26evvmlp0utrljjlv44
603,terra1uvujk0juekjwjf9hwzxuccqrghj5hha768gvp0
604,terra1kky4wrjj9uguz7pmcxvgjgzpeqq748mzkaj6hf
605,terra14qul6swv2p3vcfqk38fm8dvkezf0gj52m6a78k
606,terra13yh2k26n9ff50c4v5mu58wwawepsaxy2lgs5l4
607,terra1te7jjme8d8m9qpqyqjyeeteuk3lck77j7f44sv
608,terra1vg39t4m8j9vgm8yfdne5qps6mcggltaar7hj7h
609,terra1ulk7yx454ry979td8h6dxgapyugmncfdhwh7u3
610,terra1lsvfhxqdxcnazkmdqwkamx699d3jzj84k3z9n5
611,terra1tfne38ep4avwwmkc4rdtapqsdgs5uj09u835yv
612,terra1stkek92l6xhm4kx5q474wtfe73a5sdycsaxsca
613,terra1tpp45pqzqpre0l7xsjvgs6gqmvnzca862m9ezr
614,terra15t0yg9qjywqd2wpdksxks5p4dxm2rqjuxmrdmz
615,terra1uhzfy6qpvq4sfnaf366pshl6770phhgjaflvl8
616,terra1zhcs4pc2rddv6tqpgmvcp8r0x38mnrpysr3w0w
617,terra1d9nseh3cpagkhzq64m2yvg0yfvqs8xsx32rqh6
618,terra1zkaxzladjzfxzzrulljhg76xe36kun5jg3rfvk
619,terra1mfedkx7h7uarukru39y5zqdvs4v9x6kjut73tu
620,terra1y30nk3g3vjep4dlgyjgwz7y9866rx4u8l5yqr7
621,terra1zhcs4pc2rddv6tqpgmvcp8r0x38mnrpysr3w0w
622,terra1mhchttdx67qutg995465yxuj3k79frcdc5mxm8
623,terra1uhzfy6qpvq4sfnaf366pshl6770phhgjaflvl8
624,terra1gad2ycuva54l03un36z72xhtgves6zxwh6j2wn
625,terra1t38rwf4lflqp9xu3lpys8cflev8dyr53vvhvr7
626,terra1xxcrxxv3rwf4lwfrg0fnjkh9862dwwfpulm8gs
627,terra1wpj6hls5maw9xawjqydp32fl6caryrkypsr6sw
628,terra1e9vq9uerentlkdrynjujkz3f7kkf5k8yr03s3h
629,terra1mmntlkmf2d8q9pwr8mhptsnl20lckstflq90lp
630,terra1w0yfkm3qfqw0lywprzjs0uk6kdp9j2ap9lkccc
631,terra1qnvy887s7wkccxmt0v767gpvkk85lrpjyhd55t
632,terra1zhcs4pc2rddv6tqpgmvcp8r0x38mnrpysr3w0w
633,terra1zhcs4pc2rddv6tqpgmvcp8r0x38mnrpysr3w0w
634,terra15jgnxpr5rrf6tx0ffsz07m30pzv6nnf0ghfjl3
635,terra17p9x73yn4m2jemuqrpvz770dd3yxaff9qac34j
636,terra1mkjj0tsystm9t9mmewu0jzyxklzevmwtp92d3q
637,terra1t807jcjk2kukrknmcvukf66pt5c9ev4wxx4u3g
638,terra16kzmmpway0pnz5yw94kd5ku2fjl3d5gwtxckp8
639,terra18s8gq7wp46gww3m4wk9tp6axdfsh7fss8m0ylr
640,terra1hrj6w5ms6dqjxpa7pe25yp489nhq3lwmzp2jdl
641,terra1vj5ecfu58xvngjwqypha5m5nn9z96llwtjwlw0
642,terra1gq2tmvpuetchuxuz2zcxa6rc84j2wlgq8td8md
643,terra1xcs0n038vqxz4w93ev6yp4nruamwwnxtrlfda9
644,terra1mu9v05luynn9eacw66pdny0nfr7lyljr44f7lv
645,terra10p7agamv23d6ezzn3mxp7nq9wl8c3dnlrhdztk
646,terra1ej8k32nulyjrr3g276jhmrjaau24cd5x5afpx8
647,terra15w04luvl5vsxv387a8jfamfqzr4g04a8nmjf29
648,terra16nud35rh4chyezvdfqcyhdlvld5a5u09ffwflr
649,terra10r0nuqq753c3frmps8mmqcqmw5l9qwywls2hh4
650,terra14jws5r2y3ga3hzaxe7cprj8asgm2wflcw0mxqc
651,terra1l2cm40crtvdhesutrjks3ms2jskjeut4k2wdjv
652,terra1d6hg0t7qk89l7f2gcf93ptj8ydzr9yzfg5xpp8
653,terra1nfafze3lmwgmn4g64cvsu2784du3aevwmyg4an
654,terra13emdyum6s7v3vaew833euut7fd9ggw780ut3sj
655,terra1xeve8vkkltsd9uzaqya78ywtspyc35hrvsvkvt
656,terra1z85wad2yn44u8zmfcr6y0c5cqm9uc4nlzlfdx4
657,terra1zkaxzladjzfxzzrulljhg76xe36kun5jg3rfvk
658,terra1np9wth90u64kw0cdczz4t2dauc9awmh963mhsk
659,terra1ra0kckre0uzslz9pp995gch4ryuguuw02qe9v0
660,terra1afx0e84lsl6dz0gqpfrjg5usj49pw2tx8gl9ja
661,terra18fjjhr9wd8d9t6ss9t59yz75tsd2qdgqxy5y0r
662,terra1lu6tnzn6k3jlddd0hnaedgu92k6djn3nlh6ufp
663,terra1uud098mce2n6gztfknpkfza40jz3k0xfxnw6uy
664,terra15alfyxeesm4yjjh2z5klfkdzgwv26gz86xakk5
665,terra1zhcs4pc2rddv6tqpgmvcp8r0x38mnrpysr3w0w
666,terra1rp5mt49jgce66ewfag9sh6w9u0mkyd6zajmyrf
667,terra1zhcs4pc2rddv6tqpgmvcp8r0x38mnrpysr3w0w
668,terra17k0zmc0tkqdulp09uem9ntm26q97pht4plqwxq
669,terra1wdz8p55phkjte4cyl8jxyq0ue9ppg2cwfy6j5q
670,terra1ucq38kt69yzc7hz9kd8glz6me304zaa4fyqq6w
671,terra1sdjf2gpp6nawm3agduvfchcnayzz2lcg50wvzf
672,terra16762rc8c6tp7km03u6x5ktpeaunkrzzrrjg22d
673,terra1l0qut77z3g3pzzgxkqduw4wunrep0xrwxuqk5y
674,terra19ljp03mkey6njkwawtsdjzl3f622gtac0h7mmd
675,terra10my55ndyhpr7ww4r7hh4wyepdpzlxck7tj63m8
676,terra1dvm57jh0rss7fzuq2mwuly5yt7k38vgnxn78qm
677,terra1e3r0eezgjsfkk0pwlyhr4rlaz5n8yfp8qpnqgp
678,terra1nhfp2ahlhrr0lt4c0zk75lavlssuxcjhchtmmr
679,terra1034kewxnd3qe4u4f89fky537adkr7jsmuvtkhm
680,terra15jchtat6ym2u8n3wrskm65p0522hyt3wm03h5e
681,terra10nx27ntddqudlp5jzzef4ku6yf0pzt4ys060qs
682,terra1nfmu8f4jgkfw7ypfcrumm5whpqyc5q97mrfny4
683,terra1z85wad2yn44u8zmfcr6y0c5cqm9uc4nlzlfdx4
684,terra1ppcasu90qg4pz0wy6k08qwve53uxstp9wwzwyj
685,terra1fvat0lvgsaua6w6vu9azkmku9w5tmlr9jr2fc0
686,terra1peh437hcvvqge3ekdse65a0x4m24e54599axp7
687,terra1ykpwgqz8ealjq5ch9jrh44nxzmxj7mucyts6nj
688,terra14t0a74wxuwh504dsxkp3560r0znsw8rwrqrl3s
689,terra178xn723p3ev0c6g32nn43qpew3hxd2s4adfeln
690,terra1az87wa6jr479vwxcm5xcn46e4lmazczeruueda
691,terra1htatlvq2l6n7f5c8qwpeq95tlzq0hmrr6ywwwk
692,terra195w7v48hgy9950hhx0vrt4f8v806tr43t3tf07
693,terra1l5ueft9awlf4kvdewpxykkscmqa0t7yc0y764h
694,terra1tlfv690n6nae6h9tpdzq0e28vm5uvyz59p92ug
695,terra1zhcs4pc2rddv6tqpgmvcp8r0x38mnrpysr3w0w
696,terra1wrftujk0ulcj3656nrs6lcygln3mtwk8lq3346
697,terra1jve2yr39p7zwepqqe0r48gc6ewv4s3stl0z4ss
698,terra1djkwwpgevx42h8j7zwtgtvy2zcd2z345n5kuhn
699,terra145vgu78r6auwhxm7urga06zrdmsev9xn0dc76y
700,terra147eqe0tzaqx6dcf7cxgm5vauqhd5yjymtcg0f7
701,terra1rp5mt49jgce66ewfag9sh6w9u0mkyd6zajmyrf
702,terra15egklh52q7c7z0yrpjcmj0kna0lml9afg4wtn8
703,terra17tzdkmyy59v8c84wqrwj79smv8e0clukfe5e83
704,terra145vgu78r6auwhxm7urga06zrdmsev9xn0dc76y
705,terra12rd65vl8rsdkazxz6yf7c6y9z2eh4ktr3zkzqa
706,terra1l76r3tyqcm0zqyrrqf8sp6xrl8jyj2x5ry7f2q
707,terra1dm9jhces9au8a6qzr9r7fdmqawu7f20385m3ja
708,terra1z85wad2yn44u8zmfcr6y0c5cqm9uc4nlzlfdx4
709,terra1553r4f998lp89xx7hm0v6ugvhy2qtvav9ruyds
710,terra1mu9v05luynn9eacw66pdny0nfr7lyljr44f7lv
711,terra1lqtt4ctvy8prw8gcvglmg63hs2lekxt64mg3k2
712,terra1m36hnuhzvqzudwjx5yw3jyqlvkr96afcm2xkql
713,terra1g33tprfcj6x3yq55j0zrdhvn37edapm7328mmu
714,terra1xtmntlwthe3qxfa4pnknhzc7xmdd7r795rm8cj
715,terra1zhcs4pc2rddv6tqpgmvcp8r0x38mnrpysr3w0w
716,terra1zhcs4pc2rddv6tqpgmvcp8r0x38mnrpysr3w0w
717,terra1wrx893xfphqaedsu3zdvkc9jwvq279uskjk96f
718,terra1rex7jp0dttz54h02l6epuvp7kf5t465wn6jllu
719,terra1hmdmxy2z63k07lgg0q6awc9q52s57ft7czmdc8
720,terra1fz3pkzq5nw63hdtvds48uyfrkzp2uhwtk2evzj
721,terra1wfyvzpjxs0ymxr8mshh5np8ftl586ulne4dzy6
722,terra1mu9v05luynn9eacw66pdny0nfr7lyljr44f7lv
723,terra12prrjd3awkz83wcxgjfv7kypamnttj7auunjhu
724,terra1zhcs4pc2rddv6tqpgmvcp8r0x38mnrpysr3w0w
725,terra1qt2as7cf0pr7544djvmdntnw6etjzufxxuaeln
726,terra1ytslllrgkzmu2zncs4pxf0f7s0l9yt7t690rza
727,terra1aj749s3mqexkn4q79htvchk48wrn2lwrqcqsrc
728,terra1zhcs4pc2rddv6tqpgmvcp8r0x38mnrpysr3w0w
729,terra1gkchs6p8wqaz9rutfnqc3hx0qnh2mwkra6tzfz
730,terra1fsf583p0894fzj6zlc6rfgts3u0xvdx27e6s5u
731,terra10d3ggfrktv62n79y4gdhayvy5lws8x8z6jf43c
732,terra10cgdttd3mdzc0fk72hush9vj7xhkvutyrx3xmw
733,terra1sm7z0p3f99300lm962mvea3tqm7fwrsq8c4hny
734,terra10tvgsn8ec88j327htvlkr4lzxltetev4gsu7dn
735,terra1gvu2zyz34u3la0fpqxpzegsx7vvfyw8ncgf7qh
736,terra1rsaxl3cfrp589xyxg3k7rwghsy755xgd86892g
737,terra1mfycfrh5n23my0ya7x09dp4pnxcle7gy0nsycv
738,terra17n04v5jec96qqz6z6h8u88al9fnkktpkczskg8
739,terra1zhcs4pc2rddv6tqpgmvcp8r0x38mnrpysr3w0w
740,terra1cuxa7rlcujr97973x6q2kemgh20wrw3k7frlmv
741,terra1z85wad2yn44u8zmfcr6y0c5cqm9uc4nlzlfdx4
742,terra1zhcs4pc2rddv6tqpgmvcp8r0x38mnrpysr3w0w
743,terra14tdsywzgsqd3kctlvyx6nz0dyhdeuypx7keleg
744,terra1q7ls2vm68mxkqtj79zc32a5e6qm5t0cswlncgn
745,terra17t7xn6qpyx97448000jpg2yj3lq38h56nlp6wd
746,terra1qgvnp8knehmlxlta72u7pdcfw4ua92pc6cjrsh
747,terra1hj5hz2hdl6umhw69pg6rrnj83dz3pp99g0fm6z
748,terra1mu9v05luynn9eacw66pdny0nfr7lyljr44f7lv
749,terra1pu0dxllcpv94uajxgk4gwt5wsg0ega38q3yp30
750,terra1z083n4gtklkycmv35mah2ualukesam2y4w54wn
751,terra1uz0swpljety3htpwuwpehr8xutrqflelncahhg
752,terra1nvhhzclhq6xjzacpngm6lcdc40lfj0sf4qf696
753,terra1zkaxzladjzfxzzrulljhg76xe36kun5jg3rfvk
754,terra1c0d8yf07cgjlksegjqlpnf54hsnfjq4tfsxnnf
755,terra1mu9v05luynn9eacw66pdny0nfr7lyljr44f7lv
756,terra1057yvnvp5z6yj9u5psj45dnmd3r4je38txd2qz
757,terra1rccr67f2ahjg84jwdaeluyeyxj05enwkm5hzza
758,terra1lqtt4ctvy8prw8gcvglmg63hs2lekxt64mg3k2
759,terra1cqgu6jnl8gemzda9d8y0n0t2z98ldcls2jlyy8
760,terra1rjm4nys9kywcz9v0fss5g42v4gf8af6t9hsh5g
761,terra1fhs0yspds4k8l44h4l3zuu9wwqzg7u38qcjjkd
762,terra1nxdwwrpfshdtj5mp4t6kam6wygcxtw3mv3lcm3
763,terra194yue27xvku6dlw7c55vm2gp6t5qsrn8slhknk
764,terra1nuarw6c4xw0gf63hdlrg8s4ke4cdrz7mk0q0hd
765,terra17k9u9ernvn2wslg49ffpt38ca7t8pen0lwjqjg
766,terra15t0yg9qjywqd2wpdksxks5p4dxm2rqjuxmrdmz
767,terra15p5pflmvpg8kql409kd7mz8tvvqx8vx2ccjpmw
768,terra1lyhx7ar6fsv5z8smp6p02d5rh4zf4c4kz8sd8c
769,terra1djkwwpgevx42h8j7zwtgtvy2zcd2z345n5kuhn
770,terra1udq5cely7ak54wp8ssy7a6kpjlvcpwz4dxqpxr
771,terra102vqktp9p0dm4g0pq2e3lgxr46tqcs9nj6wzwp
772,terra1zx8dsmgax6wupl200358pa7l5aqgxq9ez3dgf6
773,terra1zhcs4pc2rddv6tqpgmvcp8r0x38mnrpysr3w0w
774,terra1zhcs4pc2rddv6tqpgmvcp8r0x38mnrpysr3w0w
775,terra1vsey2udfkzvvwfuqc6jd2k8czulfstxjvcqpqm
776,terra1mhchttdx67qutg995465yxuj3k79frcdc5mxm8
777,terra1f3a5xc5yjpw8v8nlm9x7t8qmdlvsevee7azrtr
778,terra1d3ayjz2jj9xmf33dymwzttghyyntsl4zhvt7nh
779,terra1r2j8q9lhvhx829dlvfx6gvqhnaf5f7rp6psa7z
780,terra19yzj9fvwwr0qeruzv6jhvd9eszrfczl9lh0gr5
781,terra1ky3ayzkeu9ffcm2h452u3tk3d293gjsnu9gvkj
782,terra18fdcjpvve007wqfr2x2vx6wxcunt2qww7qq6mh
783,terra1g5gvzec9mth6r0rpzvzm6autu7sgz7s5vmhrzr
784,terra1mhchttdx67qutg995465yxuj3k79frcdc5mxm8
785,terra1kc0l6q3cgwpuwtzy5s5yspc4jlwyf9lmj9nfhk
786,terra1nk37tnvfftenzss6kh8hg46escs0ttc0ry7dds
787,terra18skyqs8ghej7yu364gkj6feykee6r88hc56aqy
788,terra18fjjhr9wd8d9t6ss9t59yz75tsd2qdgqxy5y0r
789,terra1f3y682dvvrapx6yfh59ypdtyxs0acdwqmxd4e8
790,terra1fsqk92hgenq2rmwv6j0dl6mr3gzjh209268vtr
791,terra10tctz8h6h0kwals8xu9sp4f3t7d6y4g6g2487d
792,terra14x7j88mnx7c69dpusamgtyfextmmd4yr26clfs
793,terra104ccnfnqe3g60hh95aq3am86qjth2gq0ydy4hr
794,terra1gpmv4zu0hn2e9vt4geun4mlvr62aqnkdup7w9d
795,terra18fjjhr9wd8d9t6ss9t59yz75tsd2qdgqxy5y0r
796,terra18fjjhr9wd8d9t6ss9t59yz75tsd2qdgqxy5y0r
797,terra1zhcs4pc2rddv6tqpgmvcp8r0x38mnrpysr3w0w
798,terra16pcv5qmdg6ym2ce0xz93gfeyn9enmyt66xcc8m
799,terra1uhzfy6qpvq4sfnaf366pshl6770phhgjaflvl8
800,terra1gmfs8war9f74duslln0vvlg5kcml77xqf3r4vd
801,terra1gtpgu85f3q6muumm0pmv0u403m9m5fmjn98qag
802,terra1z5ryhg4u8a9cxg3c9sga4v3qj7hhyvdvyceev2
803,terra1ugs5md9sg3q9yxcnjwj0a0jtl3ueytp8f5nsja
804,terra1kyj09t2qax7gher5xlfj7uad6tkyxus72vj4pr
805,terra1esqrrjp9tsev7cq6092pvkgs2er89nqpz3mykr
806,terra1t70xq9pjhvvzvzsjqf4a8hq75wjhe709eaedul
807,terra1zhcs4pc2rddv6tqpgmvcp8r0x38mnrpysr3w0w
808,terra1uyk6c94gjy9kn057p65lp4t5tu4eypw40guz54
809,terra1hus0m6fe9s7c87l3ysnejz4xpwh6m485m65ag5
810,terra1dm90dsdvurcx3rdn3ezlhn256aewtmtjfcrekr
811,terra1l6jpprdqryezdalxkpjszwpp5tchzucr587c5g
812,terra1zhcs4pc2rddv6tqpgmvcp8r0x38mnrpysr3w0w
813,terra1y0ktppwnunm65qwddse649z7hessv5ykkjqvgp
814,terra16kzmmpway0pnz5yw94kd5ku2fjl3d5gwtxckp8
815,terra16rd357nq0nj9m2rta8veufuzmzn75l7kkr0m5d
816,terra1dczf95wcnxpty09sfhyytuvmq0mgwmm8t0frtt
817,terra17f34xpp0nsj70p0j3gjs5q74lggz352nq5eeej
818,terra1vr502w28vdmgx39n2g0v5txelf7jjc39mc4kfq
819,terra1zhcs4pc2rddv6tqpgmvcp8r0x38mnrpysr3w0w
820,terra138276hyj6phx8q9lk9eckf7uspkxypdmkpnkp0
821,terra1c6n6qcvlzyzvlfjc7utg4jt4zhrgu83f0le9xd
822,terra1vejljhncnkm94saxhv8gaq68w6rrwspdwq9rwd
823,terra1vdrfjk25kx533mvyfqx58svu8qk2qghgl7n48l
824,terra16pcv5qmdg6ym2ce0xz93gfeyn9enmyt66xcc8m
825,terra15t0yg9qjywqd2wpdksxks5p4dxm2rqjuxmrdmz
826,terra1r34vx9xky3ryctt78x7dw7df70l9x8r6zhkens
827,terra15pg4zmf63ds0nzw7z0de03cwxc8e5yqd66hqaj
828,terra1mpjhtezhgmqgfzlyd9jz3sc6lvryx6z32ns7ws
829,terra1700jrj2wv03e2dc4vfa8l6dv24890z27k0448h
830,terra1zhcs4pc2rddv6tqpgmvcp8r0x38mnrpysr3w0w
831,terra1rj3hsr9zjpu56a5nrsa3uk4ewnjeguhhc6xl07
832,terra14wk26lm0dpmkahtch4jkvzz3sngke8ej6urnce
833,terra1knrwndw5gyxefmg980xdauype82nt7qtntkqyl
834,terra1rp5mt49jgce66ewfag9sh6w9u0mkyd6zajmyrf
835,terra1ddf0z8uk2pkjaezgcqp5v5wagu3mkmhwckvmgm
836,terra1f9dkgzexh2dgm2kp5q48sjqnm6j80uy43042sq
837,terra1y55c6md7yug8kh99wluxkww82f5ammg9tw0vpa
838,terra17as4pztxyraxk6nlapffecqg9quq5z6qfwexzc
839,terra12409lxfd6n9pn79l9srvacpdrqq0pjfjzf6n5d
840,terra1q5gy72d7e2c039n27ycrs8pwqksd9twrjwfrna
841,terra1p2ptfvmda4anhp68s80xlna6uekpwfqud73j4h
842,terra1eyf7wxefg6y0h9vhnh7prz7apav0wph7jl9tq6
843,terra1peh437hcvvqge3ekdse65a0x4m24e54599axp7
844,terra1g70st9xxpexvcyzjhd3rctq8gvg6fl8atp759n
845,terra1kev44cy78aa38ux0t8ysqypn9malpr7qrtylnx
846,terra1mu9v05luynn9eacw66pdny0nfr7lyljr44f7lv
847,terra14jg4luscdunv2nxq926vdyydz6t5lq7q64kjf2
848,terra14qul6swv2p3vcfqk38fm8dvkezf0gj52m6a78k
849,terra1vwlf2ufkh6vc7celg4rpgcyf4wnkxkgtp6xld5
850,terra138uvz97zwjxtaefcaq9x76k388rjnpsafwq5xq
851,terra19yxjfvnm3ye4v7unlcwehdgrj2trm7jjlz3g94
852,terra1hfstmpxkaaq6uee0phk5gu4wze9hac8zd6c358
853,terra1l2hnwy6nqvnpntd58afsanff62mv0z8dxkpkqu
854,terra19k3s3gv5pfm3kh4utry9ty0hsulc2n8sv5shu8
855,terra1hmax0l4aukwxdxrkuwl85dp5nl72ampjchn57j
856,terra1yzxgzwt0mjt223dm9yqr28edujpxyem9ctqpv2
857,terra1z85wad2yn44u8zmfcr6y0c5cqm9uc4nlzlfdx4
858,terra1mhchttdx67qutg995465yxuj3k79frcdc5mxm8
859,terra1jve2yr39p7zwepqqe0r48gc6ewv4s3stl0z4ss
860,terra1h4kq4t8s88p677lhmdjdpmrzsglgvunhn5ldgd
861,terra1jz7f87w3n5858y7g997k0he7ccsz4upqdlg4dq
862,terra166k0eg3t6922ghv8pkjcsf3q3u2y9eynekcdcu
863,terra1kwjd4w354f4nufuafg7watfchmx87h9akdf6l0
864,terra1z2l8uvyt8w5fk3ltqkkv7ax288824r9jf24qvw
865,terra1nm7vwru2uk5cnkse80t5knf4msmxdu78v3nn55
866,terra1eyf7wxefg6y0h9vhnh7prz7apav0wph7jl9tq6
867,terra1h3vnxmpq08fqw9sqdffx00lsrdu4vy5tkgq3pu
868,terra1kelqdgqt8k70858m237hx2yg3qzk2k0px8p4sr
869,terra1436w3hauz566ka3t046z4jystupp5m5yk2vg66
870,terra1aj749s3mqexkn4q79htvchk48wrn2lwrqcqsrc
871,terra1kelqdgqt8k70858m237hx2yg3qzk2k0px8p4sr
872,terra1y6zldw5zua03mfvlayun50e7e7hpdezk4mw09z
873,terra1zhcs4pc2rddv6tqpgmvcp8r0x38mnrpysr3w0w
874,terra1syvm04lkvcvtdvglqwnjcqedu9x2hcsudnnlvd
875,terra1zhcs4pc2rddv6tqpgmvcp8r0x38mnrpysr3w0w
876,terra1l5ueft9awlf4kvdewpxykkscmqa0t7yc0y764h
877,terra1cf8u2y593c34vkmz0md9rl9g2ladr452jpelwd
878,terra1zhcs4pc2rddv6tqpgmvcp8r0x38mnrpysr3w0w
879,terra1t70xq9pjhvvzvzsjqf4a8hq75wjhe709eaedul
880,terra14hyc6q4cg4kntn900j8c0z76fq02cdjlgknmnw
881,terra1zhcs4pc2rddv6tqpgmvcp8r0x38mnrpysr3w0w
882,terra1tpp45pqzqpre0l7xsjvgs6gqmvnzca862m9ezr
883,terra1qgcmrgz4eltgwalsl0m2scrg08u6sp2khu0h3e
884,terra13cww2sanrxmmam4jkdz403j5nkndv93n0mj0cg
885,terra1f27ec33muyta7vjv3ge6kspshqmuaa04hdnprs
886,terra1kk8ynjn3n9xe0lqkc6h8ufuyrvcrdqw5w5ev6k
887,terra14qul6swv2p3vcfqk38fm8dvkezf0gj52m6a78k
888,terra1qggn8ywxywrx3sncw6ktv3wcy4cwgrm6nenvh7
889,terra159fxsdmk7gqrg3fklawz24kznee9xpzt789zxj
890,terra1d7s09qzdmzv2lanzaaat6n6e8zzdv89eevrt2h
891,terra1mdjnkzs7uu9dnsdldmz9hngwcjxqhy45rqky7w
892,terra1w5ej334xtdm7ekvg068p5q0e6azfrhc4409fy5
893,terra1g7zuk9cj8tqx8g32gh93cf96td4l07c0jwzxhq
894,terra18k3qq57089jkfzfs402j4upgsrh4evqaugj3yr
895,terra1uqe0p65zgent54wlvl8gam47q6ptwzj0qvp7a0
896,terra1e5fl6688uayvczgre22yxpuzp4uaz0rae4x4eh
897,terra1mhchttdx67qutg995465yxuj3k79frcdc5mxm8
898,terra1hwn4r793l07vu3na0xy0a49dedy2m8yadp5ent
899,terra15dzfk26pxyfjaqasty98e3npy36mnm4gf464wh
900,terra1gjvpasxgz7ns3ya93wfdm52rgpkxfckazydr3f
901,terra178f86yvlqztncdvfnj3y68eqvx68v5tmre3l93
902,terra1nt3vkvznpa4nxzulxm3dyafyxd2lr0e7375u6k
903,terra1jf75kr9facsaz7kpy9p2dd54r230tw9ple2ng7
904,terra1dytg2zpmqxgmkmg2ycvmrx77mj90ccg94pf4fq
905,terra15c9lft40n23jkhdkfuvul6y0cnf4ua8ptgdalq
906,terra167z7p3qc4x0pj590jx2pxpvvwg02xxmrn4mv9t
907,terra1vszc5wnt0mtelas003u8k6zeu38wse6jtxfd5c
908,terra14qul6swv2p3vcfqk38fm8dvkezf0gj52m6a78k
909,terra1gysw999th6hxz2u6jhyyyj92gu0ru2gutnd3xu
910,terra1ft00y2np4966lhry5v27yc006vlw6knnldegvq
911,terra1rvm42luxjudjaf0ljzducev4wdy4hxljl6zx67
912,terra122w94vp5cd6rrtqsm6uh9g5q6dzg0ysjss277e
913,terra1excw9t98k5v88vvqvam3aux0mqmynxa63e89w3
914,terra1mu9v05luynn9eacw66pdny0nfr7lyljr44f7lv
915,terra1h8xf97904r95xgkjpw9khmv7hft5c5errzeu92
916,terra1mk9s23h86ztrx5r6chdw0lxekdf3tcx44k9rch
917,terra1w9c5u7m7qx8uukc8fgvc64g0ww5ge35v244y9l
918,terra1vj2qw3vdvkymhgggslxjw8pxws82kymyr5z09k
919,terra1v6daj4f7h40c0u3a0rt80ydly4xc9756kj80l0
920,terra1gkchs6p8wqaz9rutfnqc3hx0qnh2mwkra6tzfz
921,terra1cw9ms2pxas4rd2u4cjt995pljr83am6ae6yark
922,terra1p959wshw7wq5d7am0q6furu7da8w64nzmj0vd7
923,terra1ng477ue6gcpm9fnksmnw24m6xdnx0dqem2k4fk
924,terra142qtdef82nwlwmtscdwfu27qxzwqkp4wkw5pcu
925,terra1duy6kqqdfec26qugkdyxgkh0mp6myzdv9da5cj
926,terra12a7n8yjt3ht6039mvqff6l07lthdr86wxycrw2
927,terra1zhcs4pc2rddv6tqpgmvcp8r0x38mnrpysr3w0w
928,terra18fjjhr9wd8d9t6ss9t59yz75tsd2qdgqxy5y0r
929,terra1m36hnuhzvqzudwjx5yw3jyqlvkr96afcm2xkql
930,terra1hrl5au3udmmnr0gwj6xz2h375qrk7qzdgjywss
931,terra1xe4u97grudazqc4aldg3r8tuwn4dwdxv8y6a5r
932,terra1kvmun5ddrg8zfcxhacu2wkl9d2uqa7qgewwcsh
933,terra1zhcs4pc2rddv6tqpgmvcp8r0x38mnrpysr3w0w
934,terra1s4plrnd9xgr0r6gphsae9mu963hhcks44gm5nv
935,terra1qn0ssj4lp7djjl26gtfyz3epalngjf9um2cm2k
936,terra1mdjnkzs7uu9dnsdldmz9hngwcjxqhy45rqky7w
937,terra1qlza4svxszm7c2j6ll2z2nd6pa55dm2ud79jzu
938,terra1xndc8kxq56yg734x7jawfzt5mtz2t603cr9673
939,terra1zhcs4pc2rddv6tqpgmvcp8r0x38mnrpysr3w0w
940,terra1zhcs4pc2rddv6tqpgmvcp8r0x38mnrpysr3w0w
941,terra1qs8fqkcnepuv5apglw9f4gs006sp2cmhp9rd0l
942,terra1hps4h8qrkdqlwnkwqpuw60fpkckxkv6trk9srx
943,terra18fjjhr9wd8d9t6ss9t59yz75tsd2qdgqxy5y0r
944,terra1vcxg35p9gp4hk8rqrpnmhztjpl8d4nv3tczag0
945,terra1hzyzys3s7s7xsls5gvsta3z3ylcy7fjcnpgmas
946,terra1kfcu5q8vamz693rf4agsjfskk3k5y9f8nm94fk
947,terra147eqe0tzaqx6dcf7cxgm5vauqhd5yjymtcg0f7
948,terra168r38hfqlc3lrgzm423v4p4te85qtzmw7kutle
949,terra19vmgfrn36yr44afxgpjrt58sz8s7x9sc4tgeyk
950,terra14fzl8p5pkpstjxp0aand725t5st2m6yr2hdv49
951,terra1aqae0gn2fc8yph9jrzcqsne6t4zzk0v48x96zk
952,terra1v9gsyh4qaygldfgntamauxpxmprg74ptg30c7f
953,terra145vgu78r6auwhxm7urga06zrdmsev9xn0dc76y
954,terra18fjjhr9wd8d9t6ss9t59yz75tsd2qdgqxy5y0r
955,terra1zhcs4pc2rddv6tqpgmvcp8r0x38mnrpysr3w0w
956,terra1r68cxqf67lhahc4de5703xc4ntrlwtffa06dmc
957,terra1audn7zh286n2yyq3zsg0yl5mwaucjl6lgp9uln
958,terra15t0yg9qjywqd2wpdksxks5p4dxm2rqjuxmrdmz
959,terra145vgu78r6auwhxm7urga06zrdmsev9xn0dc76y
960,terra16m7yxcvplnluahlq7fnc08rmnfnjakgkphwgth
961,terra14l87qc5t57d3k2ucsrn4kntj22x49uyuf9pcqk
962,terra1wntpnedhpx74n0d2ajsmdl3grhau9mtzdu2vrt
963,terra1ca6t4ssd22yeayfcmjtkhdmw0vk3jjcdsnv0l5
964,terra147m420kknenugqnxct509q4pjx4mdr5nvqa70u
965,terra1970hjfcjxsjh6rztf7489a8vfjsvwzs0zh9y8l
966,terra15un7vkj8fkgpd5e8ezmc84cj5dm7dt2jt29h7x
967,terra1yw22a3rx0jwsxvrxrapdjju2spzagchcvna6jw
968,terra1376j6ztzhzlx8qhkjp829max4qsvcpa04lajvu
969,terra17h0cxsjc9pgh7yl68veu49vhnrz0l7z0j72md4
970,terra148awzgzdptzzsltcel2k92jm3pel5k077x28va
971,terra1jlfslsf2hg806tg745zd5xl98psq8glumdyu8d
972,terra1tgeut8skxgp8krzjdvy26evvmlp0utrljjlv44
973,terra1gkchs6p8wqaz9rutfnqc3hx0qnh2mwkra6tzfz
974,terra1mhchttdx67qutg995465yxuj3k79frcdc5mxm8
975,terra1r8w3l93jxrtwhupva9v7z78p55ah85ydsndlup
976,terra1gkchs6p8wqaz9rutfnqc3hx0qnh2mwkra6tzfz
977,terra1zhcs4pc2rddv6tqpgmvcp8r0x38mnrpysr3w0w
978,terra1zhcs4pc2rddv6tqpgmvcp8r0x38mnrpysr3w0w
979,terra1zhcs4pc2rddv6tqpgmvcp8r0x38mnrpysr3w0w
980,terra1zvedafryq8fw4zuf8lk4704wdcy8asvrvtn9jt
981,terra1fravhh4qdqrxc3gz2357cuh6xz3uey2a2vcp5p
982,terra1e0savu9w9rlp3lgefuxytx4jlk9n0xayzt2crl
983,terra1ycxasv48rtwa9dleh4uct3nhrq5svd8ww356cr
984,terra1rx6wav562l7yvmjwsfk20al9w5udczyqdjn5sm
985,terra1l4752hqvdev8u78xs075a6rmykvvqes0w9r50k
986,terra1vwfsx27k42qt7k3xyevwjkw0nj2c9q28s8vgr8
987,terra187tcv92rh2asrmtk3fje3x3hc6hk6099tkhuu8
988,terra1rz8ne384cs3gfvlk93flrxkxg3432fc3q7d47e
989,terra1553r4f998lp89xx7hm0v6ugvhy2qtvav9ruyds
990,terra1fxw3azlpglvj7np276g09euu674m08cswklh3f
991,terra1qlza4svxszm7c2j6ll2z2nd6pa55dm2ud79jzu
992,terra1gsv473cgypt76vmfcj7y3v69r7xhj6rvr08ws5
993,terra1r34vx9xky3ryctt78x7dw7df70l9x8r6zhkens
994,terra19ljp03mkey6njkwawtsdjzl3f622gtac0h7mmd
995,terra1ujg5m47rqrscq82rxqcn6hcz29vyjvmp3f2uss
996,terra1l060qvs3d2qx0hxa8qha7sjc8eq8wn2u0cdkmn
997,terra16trjpp2xs8ru635pxgrqp4sme8uenhmevaazcn
998,terra1znf9p7dec5a20v4f988fqtjlfva6vrcx2rftf9
999,terra1mhchttdx67qutg995465yxuj3k79frcdc5mxm8
1000,terra16rlty84v0ctqswv2mepyrpwsgs6q4wypqt5vsp
1001,terra18fjjhr9wd8d9t6ss9t59yz75tsd2qdgqxy5y0r
1002,terra1xnzu34kjh4ucdqsluywy2qe74n9y8j3ssdfqx0
1003,terra1n2z3j7qfqrp7yldmthn8et5c7p9jhczdrqt4sj
1004,terra1l5ueft9awlf4kvdewpxykkscmqa0t7yc0y764h
1005,terra16xmv7z2537sg0hva0tmadjp4yyhhcuajec6mt0
1006,terra1zepph0x9ud9c9jzqwja5qsuzvryekqz8c4f6zl
1007,terra1hge87ar4fmjt6d2zqzd7w987vj09cfnvea3pzr
1008,terra15t0yg9qjywqd2wpdksxks5p4dxm2rqjuxmrdmz
1009,terra1s5v4la4sgjgtxq9q8mul6x94l34xuvyar5uq3u
1010,terra18har889wtgemkpgw8vqcvy7uvjnp5u5xfk5dkw
1011,terra17q46uu6emta3vfns8qza8h0unax8qt0qyhs6hp
1012,terra1z85wad2yn44u8zmfcr6y0c5cqm9uc4nlzlfdx4
1013,terra1mu9v05luynn9eacw66pdny0nfr7lyljr44f7lv
1014,terra105a0pqhvk0r5a6jl6pacjy57sxnf6awgef8gwv
1015,terra1ga4edyss5c2njuaznte59z86euphh9ls2mwdc5
1016,terra1ce9mh3a0ky7dwgxueru5aa5q0y92985wdu7hw5
1017,terra1h42sjsvpzcw90nm03gnypj7e30uu24vlz8g608
1018,terra1fravhh4qdqrxc3gz2357cuh6xz3uey2a2vcp5p
1019,terra1eu6kx9ey0lmhyzv7j27mku8jzf9a8vka6wh55p
1020,terra1npqhgqh0ka34vdr7ggf9epgh727yg9h54cl8e4
1021,terra1zcfdvw3s94f6ky9t6ck7e2g70e6zjfda0vtdqn
1022,terra1zhcs4pc2rddv6tqpgmvcp8r0x38mnrpysr3w0w
1023,terra1s0ag0mg83yhf74n8tlsfmr09y2vq7uc4ruvwu8
1024,terra137fapva7gv522sen694d5656p50p7hsj6pnvqu
1025,terra1s8t6hrf327yk42trcxctechgcvwcu9dru5xhm6
1026,terra1uvujk0juekjwjf9hwzxuccqrghj5hha768gvp0
1027,terra1zhcs4pc2rddv6tqpgmvcp8r0x38mnrpysr3w0w
1028,terra1zhcs4pc2rddv6tqpgmvcp8r0x38mnrpysr3w0w
1029,terra1eyf7wxefg6y0h9vhnh7prz7apav0wph7jl9tq6
1030,terra140cn80s93rfpyrmpaa450ud8mdmnzrpfa7gvht
1031,terra1z66y9672ulh5hhaa9t5nwhgra8retxn29wkcad
1032,terra1g36trpv5lgp6kyp97363dv3rtg6q9dk89rgl5k
1033,terra164lwx9p7w5tty57ujwexue2wg4wjt0gz4p4uga
1034,terra1e3r0eezgjsfkk0pwlyhr4rlaz5n8yfp8qpnqgp
1035,terra1zhcs4pc2rddv6tqpgmvcp8r0x38mnrpysr3w0w
1036,terra16pcv5qmdg6ym2ce0xz93gfeyn9enmyt66xcc8m
1037,terra1gysw999th6hxz2u6jhyyyj92gu0ru2gutnd3xu
1038,terra1vwlde6e8yxms34p4km73u89emfda0kxdtjjuq2
1039,terra18w50qd9nsl3vqxp2hkh7awdgp6w6acahc83wge
1040,terra1thvlp4g5z354asxdxj3y6wa87l2qcdxs7sxvqc
1041,terra1qp0z7akj3s3dmgn5necj9l0fcpjuyd5yjqeqt2
1042,terra16nq40yf280j78ejj22zvz7mh7rhadfsw3ga08d
1043,terra12a6fuxypcf97rlxrzwtgkcp3c6ux0rd9utl0pv
1044,terra169hv0c0gerl64652wu0t9cq4rzv9mwu9352xnm
1045,terra1tptx3txneqvn3eersrhqrj6pyserqqsvnf4mde
1046,terra1f277pf5zp5yg08t56plyke90s7faawjmdj6fwk
1047,terra18ljzzy2z4ud64g7www492empsvp7034dlrxqqh
1048,terra1dw5sslp0cceentyf4s7kyvm8lvc78vle2w2z4y
1049,terra1zt8t2dwp7ggusjca60dtpscrj27rf574weplpf
1050,terra1mpcfrh6ky3qh2qd8d5v9nzqexnemnj2c6j266t
1051,terra1hu0u4vk0yv7svqg4rzn3hecvsrys4mw5z2l2wc
1052,terra1vfcny0kch46k5p4uc9szpga553uhrkymefwps0
1053,terra19vzhmk408ddacu5pz03kzrn7h8qr80gvuqkchq
1054,terra1zhcs4pc2rddv6tqpgmvcp8r0x38mnrpysr3w0w
1055,terra1xeve8vkkltsd9uzaqya78ywtspyc35hrvsvkvt
1056,terra1v9mj5gar9yszc0udxgs8mrwj9xdgcjnnrp4a5e
1057,terra1mfylm7jwf6gtmq4yfv8tevudyvanncxgj3rst3
1058,terra1gn78kd065al24ps0szdm26cmas29w4q5rcsgw0
1059,terra1p44kgp25ffjfvngk7hcqpf9p7tdx3egzacem7m
1060,terra14uapeeadtcx6nwjtyrgwt3wfptmn5eck68x4dd
1061,terra1alpg5355yw6tnftgrvqppken9muqlxwljs3h62
1062,terra17mwnd2tuhmh6cckqm4ux7rszws4s7z02mpx8lq
1063,terra1yuyp4ytlrv00ndc0kxpynyjlcfchzfh9jx6sx9
1064,terra1qrusydwt2qr7s4pmfjw4q8dq75e00xrknf2ym9
1065,terra1zv8rek84yngr8k87w4ex5878m86tryhus3cgut
1066,terra1z85wad2yn44u8zmfcr6y0c5cqm9uc4nlzlfdx4
1067,terra1vwhfgfc5tqd64l99f24k2kklepc54ktyw3j2m0
1068,terra1hjdnqd0q0dv4vw46aguxrz2rm0vq3lp76jvw98
1069,terra1sjn06dppf9wtwmsycwknlw0m9kg0j06jjwlvjg
1070,terra1zhcs4pc2rddv6tqpgmvcp8r0x38mnrpysr3w0w
1071,terra1zhcs4pc2rddv6tqpgmvcp8r0x38mnrpysr3w0w
1072,terra1zhcs4pc2rddv6tqpgmvcp8r0x38mnrpysr3w0w
1073,terra1zrcmjmwfwdp4e8leasjavlhyaj5rrn86lcjqeg
1074,terra1mz2xrgr5vmn5q25azrpzd6zdqa8sgrxqlkdsq8
1075,terra1n5kuuvtaqlhwg3lfcwplss2fspyd44h83pym5k
1076,terra1ecg04my5czhe53lpy4vux6rz0ev97zv40cva2h
1077,terra1nkvhuhk6dp3yakv45a840hxscpsk58wq8qxn0d
1078,terra14qffvgcjvvz7fy46sdakgmlnn8jxzzngs0p7s8
1079,terra16fghfak6askc7jp2yyfkc4paf8hkvvjcyph3h8
1080,terra159fxsdmk7gqrg3fklawz24kznee9xpzt789zxj
1081,terra1y3qx2mut32h465n4j2a0ed5d5r3rl75l2y7kug
1082,terra1zhcs4pc2rddv6tqpgmvcp8r0x38mnrpysr3w0w
1083,terra1wykgage5kfjae47zcf9us4fh0f4jkysvnay0ee
1084,terra1xp3t9l694yj0gk990tdhg2r4tcephw5alwzrw2
1085,terra1zugzz3wtke9dwtz6lacvj280g5n04rl7fvjkv9
1086,terra1qg2phw4jqw69565fy0egw7j2e677ca8n0y6sfw
1087,terra1djkwwpgevx42h8j7zwtgtvy2zcd2z345n5kuhn
1088,terra1vhmv8036jkt72fg2kpxl66u4dvgulqckjqqhd5
1089,terra14wk26lm0dpmkahtch4jkvzz3sngke8ej6urnce
1090,terra12n0v2ygn7jzsrclpelulcm6atq8v8v93l2lt77
1091,terra1rccr67f2ahjg84jwdaeluyeyxj05enwkm5hzza
1092,terra1pthjpjrpxd2q8qs0khhlklzfxxuzajtlv5e8vg
1093,terra1jnn3whttgqjlqu7zvczk32pdec9xccqezcyhax
1094,terra1ehfdyv8vjzujdhpugwfvx0pd298f48us2cgd0k
1095,terra19yxjfvnm3ye4v7unlcwehdgrj2trm7jjlz3g94
1096,terra14nlh5y084a93znlf2j6hxeztwpp3t08exqrkgx
1097,terra1su9eezuavy8g9meurwns94236en6aug8mqymwe
1098,terra1tnq4u4u3lgqcrv8umrc92a62wg04xal3ss4t80
1099,terra14uapeeadtcx6nwjtyrgwt3wfptmn5eck68x4dd
1100,terra1nj5sd5x5v4pv538eq048treugya2vdrw9dd5xw
1101,terra148t3nc5ptrzr7qf90wqlhah5nr9459detp9zfk
1102,terra1qk4crnlmwdatpfrxy92r7mkfyuwwtcvzfscf7e
1103,terra1r34vx9xky3ryctt78x7dw7df70l9x8r6zhkens
1104,terra15t0yg9qjywqd2wpdksxks5p4dxm2rqjuxmrdmz
1105,terra10h38tj53dcznsxt2nl6vle98tcwujsenh6se9f
1106,terra18fjjhr9wd8d9t6ss9t59yz75tsd2qdgqxy5y0r
1107,terra1gldrrfjg96u6lwxec3v60700jy6js4etghx0em
1108,terra1970hjfcjxsjh6rztf7489a8vfjsvwzs0zh9y8l
1109,terra1thdujzhxk5ds4rzda8ska6jf9t0crqwwf8rq35
1110,terra13w5cu7kgqeshrr8tq3wdpzd36h6mz2v6dddwdu
1111,terra1knrwndw5gyxefmg980xdauype82nt7qtntkqyl
1112,terra170r8zagf3vwfpyvmym2c0c56nkhm0umx7pk8g9
1113,terra1pfg5lzvc6y0697gun3f7fnqquvpe2vhzl8qcqr
1114,terra1zhcs4pc2rddv6tqpgmvcp8r0x38mnrpysr3w0w
1115,terra1zhcs4pc2rddv6tqpgmvcp8r0x38mnrpysr3w0w
1116,terra1nhk06fuz06t0pg2w39zgx9qa3cty66lwkk0t05
1117,terra1gkchs6p8wqaz9rutfnqc3hx0qnh2mwkra6tzfz
1118,terra1perw9g6jjls2mrp9k23um3cfypn8z8d6rmkpgk
1119,terra1ctt67ct3fhptmzjh7nnag4c5w6k9wpaqw6d33g
1120,terra1kpu3zye395hlwpgxw523qwgfzkrdzj2xjzy0ss
1121,terra1g5g28dk9z8tng6w0mnx9zwhw443524kus3qy70
1122,terra1ek7eq8wpnlj058nhhesrrufc7xfh7k65977kms
1123,terra1m3pw0r8l4l8f6nx8puu6y6zp6wu7nzxhr9s6et
1124,terra1c9cu8m83rjdwaamvn8vqe9aw4jzr7g2tj788a9
1125,terra1d2ngrft70h09e3c4yz5hkz2rjkhwahqu92gke6
1126,terra1gkchs6p8wqaz9rutfnqc3hx0qnh2mwkra6tzfz
1127,terra1nl6f4kzh5xqsws2wq397m80ypjr2zrgpc3qza8
1128,terra16pcv5qmdg6ym2ce0xz93gfeyn9enmyt66xcc8m
1129,terra10grmnvxayj92w3ctf6fzcs6h04tuunmrjugen3
1130,terra14ava4fh3khwq6py0pnyclwclu0fd8zn4fpkm64
1131,terra1px423x9gjddu9ggtufqedjj0wdk263djepktcc
1132,terra1ultfk73pamjhrly6yykv0kke7gpun2z86rzrxd
1133,terra1zhcs4pc2rddv6tqpgmvcp8r0x38mnrpysr3w0w
1134,terra1n8mkq3hpg56yjuczsefj6hqg5gcvydjgw7d88h
1135,terra1lyareh24qmtn34ejcfxcy7s88m3ym8jtyh37yg
1136,terra1zhcs4pc2rddv6tqpgmvcp8r0x38mnrpysr3w0w
1137,terra1zhcs4pc2rddv6tqpgmvcp8r0x38mnrpysr3w0w
1138,terra10y64wj80kra774c09900qnrcv4yy596q0kptd3
1139,terra1zhcs4pc2rddv6tqpgmvcp8r0x38mnrpysr3w0w
1140,terra159fxsdmk7gqrg3fklawz24kznee9xpzt789zxj
1141,terra1rccr67f2ahjg84jwdaeluyeyxj05enwkm5hzza
1142,terra1rc252pf3syqumlmw8gztnugu9aqvy50zs9rnq8
1143,terra1sd8dsr3499ezykhp47nrdfgeh0mtk49xgtnfpt
1144,terra10j79cwnkqff3cn9vgr3w5mgfawg7mwa4vz3mhk
1145,terra1eyf7wxefg6y0h9vhnh7prz7apav0wph7jl9tq6
1146,terra17a6ydq267yryap7dwzptrlr68wcchl38qkeqsf
1147,terra1zhcs4pc2rddv6tqpgmvcp8r0x38mnrpysr3w0w
1148,terra1dh9jlu8u4fh2hlxkgak9fn7tt265e8ywrt0l7t
1149,terra1eyf7wxefg6y0h9vhnh7prz7apav0wph7jl9tq6
1150,terra1y3qx2mut32h465n4j2a0ed5d5r3rl75l2y7kug
1151,terra12xxcusfqxnn9kk5wjy0hnuetkd5rma9am0m9vt
1152,terra13wd7qrvt6kps7fp7gmac8et0lglpz3acc9z3gl
1153,terra1pj50a9eww9nvvg4tnscjukd6rn2jjla45k9tr2
1154,terra1x0qgx69tedahy70adtejt2zr0qs3h5xc8ap8ve
1155,terra1e2039s59cslsns77jhxpvp57mrqw6347zcxt0f
1156,terra1t74psz52jce95dnvh6wm8fuwvkyv7v0fhnr5fd
1157,terra1pu5ujmrdy8vmxqkw8yx8f5neq5n6802r6cw5e8
1158,terra145vgu78r6auwhxm7urga06zrdmsev9xn0dc76y
1159,terra1smu709zxat53za24fulzees9sta3nzpac7q705
1160,terra1jm0m8ktc8gsvkyn4rxcsl4mstsrhzk0cmtrvet
1161,terra19tcysgmsm0px22zgklu5aa7s3hurmjjv42r5ct
1162,terra15jgnxpr5rrf6tx0ffsz07m30pzv6nnf0ghfjl3
1163,terra1j0dtun4f25esjw3r0du3hmk7unwq9w9a8lqkc2
1164,terra1yzxgzwt0mjt223dm9yqr28edujpxyem9ctqpv2
1165,terra1r34vx9xky3ryctt78x7dw7df70l9x8r6zhkens
1166,terra1jtmqsduttq5eusne35sp9gj2h82p9wp6apdqde
1167,terra193nycuhp6az56q093ken5jcje07pax2w3ajqjy
1168,terra1djkwwpgevx42h8j7zwtgtvy2zcd2z345n5kuhn
1169,terra1eu6kx9ey0lmhyzv7j27mku8jzf9a8vka6wh55p
1170,terra14wk26lm0dpmkahtch4jkvzz3sngke8ej6urnce
1171,terra18skyqs8ghej7yu364gkj6feykee6r88hc56aqy
1172,terra17k4w6gyrn4tnwlm00dpqdjau68jdn5e06s5dvj
1173,terra1aghh2nt808ud27qsndpkwqs7dw0uz6n9l0cek2
1174,terra1zp750rv2qau4jr3et994l088tj60fm2yyugkfz
1175,terra17k9u9ernvn2wslg49ffpt38ca7t8pen0lwjqjg
1176,terra1lx0tww0djt6hx3hhzhpcthr3flzxgueqlerdpt
1177,terra1lqkf4wztgkwtm5wuutq7ewj3xtykd5rw4wsxzu
1178,terra1p6kw80gaggfph5je7ryc3mfzlkmypw4s3xpj9q
1179,terra1zhcs4pc2rddv6tqpgmvcp8r0x38mnrpysr3w0w
1180,terra1truecdmp2m0z3vu5trv6j57ercqrxltlllq363
1181,terra12auq3cym5amk6gdpjwrtz8ypvtppeec2q5vmt9
1182,terra1yxmz0r83s3xy9jn5ywx39xsxtm75esfx896lhr
1183,terra1j4nfzlcfklscnsumygfhucep0g84nm7w3r0fvw
1184,terra1axuu7z25wqtkdxnfg2qpejlc9ss6jq525a0s4g
1185,terra15t0yg9qjywqd2wpdksxks5p4dxm2rqjuxmrdmz
1186,terra1r9pdphwg30vz3z642ul69arlavap366dvf6dz3
1187,terra1l0hngf5uc09zwf0uqpz7arwky7t70uh76czr79
1188,terra1m7ksq9y7j6hycczv2kdsy6wrplrqppesmcv5zm
1189,terra14uapeeadtcx6nwjtyrgwt3wfptmn5eck68x4dd
1190,terra1zhcs4pc2rddv6tqpgmvcp8r0x38mnrpysr3w0w
1191,terra1djkwwpgevx42h8j7zwtgtvy2zcd2z345n5kuhn
1192,terra154hlrlqvrtp93gkqhfagnsl5pxqe5xzguwajyq
1193,terra15xwsmwc0elma7g45pmy7gy87u72cp8nmf8sny7
1194,terra16lwpq5y8xjekwv8tyush8r0eaghncchvunu39u
1195,terra1ch0aru8p2xau6gt29ku2cfd8gxnw50wxnjk37f
1196,terra1zhcs4pc2rddv6tqpgmvcp8r0x38mnrpysr3w0w
1197,terra1zhcs4pc2rddv6tqpgmvcp8r0x38mnrpysr3w0w
1198,terra1zhcs4pc2rddv6tqpgmvcp8r0x38mnrpysr3w0w
1199,terra1zhcs4pc2rddv6tqpgmvcp8r0x38mnrpysr3w0w
1200,terra16qr5h8gmj37jp337y8jeg6rv4vuqakp23mh4vc
1201,terra1wntpnedhpx74n0d2ajsmdl3grhau9mtzdu2vrt
1202,terra14gywf6eqjxfnxdew22xcacc9xtstydg3gc809z
1203,terra1fxw3azlpglvj7np276g09euu674m08cswklh3f
1204,terra1dzsdktff82xt750cfnwfgpdd0mu8nrh6anncgf
1205,terra1gkchs6p8wqaz9rutfnqc3hx0qnh2mwkra6tzfz
1206,terra1mu9v05luynn9eacw66pdny0nfr7lyljr44f7lv
1207,terra1sj85ym4pe2pttd00nyedp32qdephpz2kx2kxs2
1208,terra1lynhet4cwyf5tm4x5xy99cxxsufrpxs0y5n909
1209,terra1pp7nkm4htayfqrjkpdtem8zfzmg6cfsw5qvqyv
1210,terra1x7qpt7ag7l84zcvu5lp0jmdpmht0e7pq2gndwa
1211,terra18fpm2f2rwq5572ue38xn3j2esfxqrzs7fw0wf5
1212,terra1zc9llrutmh42803l7kg8mv0j4q2ptasnhd2dva
1213,terra1targej2wscedyaas7ucwg5tjamrq4tkqzu2x63
1214,terra1mu9v05luynn9eacw66pdny0nfr7lyljr44f7lv
1215,terra1y64e75jz8wup4nk96ps73334f6xdnldn3jlza6
1216,terra18fjjhr9wd8d9t6ss9t59yz75tsd2qdgqxy5y0r
1217,terra1ek7eq8wpnlj058nhhesrrufc7xfh7k65977kms
1218,terra1z874r2h6eqgj7u8mur22m69tausdn7sc9cat9j
1219,terra1jtmqsduttq5eusne35sp9gj2h82p9wp6apdqde
1220,terra1rkxk2guajrtptkrcdstsanpz45zejs9rnhnn3s
1221,terra1ussur3qa3r9frldgc5u4uzvs840r6d06hr9y8h
1222,terra10a763juq8cjz3najxgk0nq4avvcxljvgs52whm
1223,terra1rf3qkw8gyynw9980aq76rkk3v8swggszewwjf5
1224,terra1zugqc3qw7t5ppvmehjrkfeku3zykf3v46selu3
1225,terra153cv0qfa9pf7afu566tteqz36yvhs4ad4flcy9
1226,terra10yhe0gxaq97ccqmgteggfqr9cl3dgckjjg6n5y
1227,terra1rccr67f2ahjg84jwdaeluyeyxj05enwkm5hzza
1228,terra1zhcs4pc2rddv6tqpgmvcp8r0x38mnrpysr3w0w
1229,terra1zhcs4pc2rddv6tqpgmvcp8r0x38mnrpysr3w0w
1230,terra1z85wad2yn44u8zmfcr6y0c5cqm9uc4nlzlfdx4
1231,terra1eyf7wxefg6y0h9vhnh7prz7apav0wph7jl9tq6
1232,terra1kzqmhcwl82dv6c5cuuteemn5nwvv2mwj9sqt5p
1233,terra1v2ehmgnkzeyzxwcxcsz4wv6eh0yx8zpehxfzmy
1234,terra17p2gx7wfv743uggvv20dtaumej5mf65vz8gd5k
1235,terra1ntg0zewyllft30s754n0uzzw230rjhzyj2vlmm
1236,terra1xf67ajjykyf2vem5mhgz92nnsm2y74ttkktmlr
1237,terra1zhcs4pc2rddv6tqpgmvcp8r0x38mnrpysr3w0w
1238,terra1wkvpdke05hynvae4qn9w3rjxk7rcxhpp68ruuf
1239,terra1m7ksq9y7j6hycczv2kdsy6wrplrqppesmcv5zm
1240,terra1zhcs4pc2rddv6tqpgmvcp8r0x38mnrpysr3w0w
1241,terra1mhchttdx67qutg995465yxuj3k79frcdc5mxm8
1242,terra1ztlaj2mg5duqjd3j389my5j5wqet558nnc3sgc
1243,terra1zhcs4pc2rddv6tqpgmvcp8r0x38mnrpysr3w0w
1244,terra18fdcjpvve007wqfr2x2vx6wxcunt2qww7qq6mh
1245,terra1hcg2c2vpj74x0q64gtftt7ea23e4vy6vwjwd0d
1246,terra1r34vx9xky3ryctt78x7dw7df70l9x8r6zhkens
1247,terra19ljp03mkey6njkwawtsdjzl3f622gtac0h7mmd
1248,terra1tfwq0x9ecthqc7lw0nkhzqjexwhexm322kyg66
1249,terra1qgvnp8knehmlxlta72u7pdcfw4ua92pc6cjrsh
1250,terra1aj749s3mqexkn4q79htvchk48wrn2lwrqcqsrc
1251,terra17k9u9ernvn2wslg49ffpt38ca7t8pen0lwjqjg
1252,terra1dz72ag9exquyg9de67urxrgs9x2vh0mdnerys7
1253,terra1zhcs4pc2rddv6tqpgmvcp8r0x38mnrpysr3w0w
1254,terra1zyj4nmnzj4aftva6nwln4yzhn0z9ypj3503szf
1255,terra1aghh2nt808ud27qsndpkwqs7dw0uz6n9l0cek2
1256,terra1yekr65j7tglece2lnljph9yamc9xqe38q7u0kf
1257,terra1sr0auhrt49y8jqvs3pcd6skhgecux7zmaj3yc5
1258,terra1l5ueft9awlf4kvdewpxykkscmqa0t7yc0y764h
1259,terra183c7dax793eddk2ducj5p22qcfwune5ky70j08
1260,terra1yqz6alkmm50jhd7sza8thcswcl7yedrnqj6f23
1261,terra1e4uqg0z9szxr64y95uje52c0086nl8hsvludel
1262,terra1vv268ega7haues4e93xjwqks5p5kqalmwqppss
1263,terra14mek963z9kx0yt9gu33cwgz29jctg9e99aynf7
1264,terra1mwk7essjsqyrsn2t7dn9l2pn2atktry83yvl44
1265,terra104wjsgcntz7hxmlsxfpw060zmx7humd48n3yxt
1266,terra17545ckea5vdc0y4ptyv5g2qngu6gfj0dgll4vj
1267,terra1gkchs6p8wqaz9rutfnqc3hx0qnh2mwkra6tzfz
1268,terra1e7f3qsty9ndf8fqt5m83z230s8xsw6daarsfge
1269,terra1kgt2cr59u6t2acpwwpzy7defulwaw84mf9w4yd
1270,terra1mu9v05luynn9eacw66pdny0nfr7lyljr44f7lv
1271,terra1ygwtuff96xcd0gzgj8l5uwpdwkuzjjhu8352j7
1272,terra1z85wad2yn44u8zmfcr6y0c5cqm9uc4nlzlfdx4
1273,terra1pq7k96unkhcxn7kxqn5tn9vrsw79kp2x8psljk
1274,terra18pcahnazevs63xlnqke5jaq3n742j9zjqys5p2
1275,terra1076vxkkx57mdhc9zwmc9sprj8wp4sm0sd8nr8d
1276,terra13dw2rv8rnrr7r74xdlrfwypnnm0lag4dx06amx
1277,terra1s7sxwtnj48cuxrar226p8h3439x34k93efad34
1278,terra1e9khek34g85qmzeurqt5yv6tzlrrrdlp2wq98c
1279,terra1ggvu70k8qxu8mvakrccwqp06ymaaja4p3derdn
1280,terra10xzk893afxxkvyzxg9vzsde4575yjrjfapph3r
1281,terra1nfafze3lmwgmn4g64cvsu2784du3aevwmyg4an
1282,terra15t0yg9qjywqd2wpdksxks5p4dxm2rqjuxmrdmz
1283,terra14ynx55ccg5tfhspmjq4w5vzxjfgw9naxc88jwu
1284,terra1knrz4tvwxcl2jx6zd2qkjnc56lw4psdxd4cp6h
1285,terra1jpycvp2ulcucglw8sagg440wj4dqgu9z5nt5np
1286,terra1jx7zejtsk8u94crud62a65rnt764mvadk62uxm
1287,terra15lfnwpwaavj9rh7uru0g4v7x59wfkvkxy5vr5g
1288,terra1aj749s3mqexkn4q79htvchk48wrn2lwrqcqsrc
1289,terra1407cdl3r284raelhucr36wqh4802q7em8n72p0
1290,terra1zhcs4pc2rddv6tqpgmvcp8r0x38mnrpysr3w0w
1291,terra12gf8trfaqud6ssla0m2mvjhmdmmdhqfwckteyu
1292,terra1zhcs4pc2rddv6tqpgmvcp8r0x38mnrpysr3w0w
1293,terra1zhcs4pc2rddv6tqpgmvcp8r0x38mnrpysr3w0w
1294,terra1zhcs4pc2rddv6tqpgmvcp8r0x38mnrpysr3w0w
1295,terra1euy8u89an6eeymkg4wm889de68vh6pml0w5dz5
1296,terra1895umqj69smzj0eekt34k3e8sxqv2t26a7772y
1297,terra1xgr2znpndsfc60rwvtw92q65dypal2vsqytazc
1298,terra1a0dt6rcr28s29wg7w9h5ryjrk3x7jehr8juqzx
1299,terra1pvzmhpezh86lgf3qpup9knjdnnma82cda04tls
1300,terra1jmkm8tgpfnewup7vmus9xlxgy5k3nx0l5fn254
1301,terra1xk69rdt0qr0g5z925vhn4jqerk5pwvj2dc8hh6
1302,terra1qwxfn7tmpc0v8v0dvekhpwjv25cu22c4rcx0p3
1303,terra1zhcs4pc2rddv6tqpgmvcp8r0x38mnrpysr3w0w
1304,terra1zhcs4pc2rddv6tqpgmvcp8r0x38mnrpysr3w0w
1305,terra19txp5fg0xkyuuzet9jv8lj7jlr30tpnr08zm5q
1306,terra1hzyzys3s7s7xsls5gvsta3z3ylcy7fjcnpgmas
1307,terra1e3r0eezgjsfkk0pwlyhr4rlaz5n8yfp8qpnqgp
1308,terra12v4cwwjcc2gtm0tk6fhknzkz6hn2gx2uyk4dez
1309,terra18xyrrkcgjeryjfj8kjx48k82g8et8zmm8y859k
1310,terra102pm0vmqlt8yg8pznpcsk40dtgelrt46ftf3ys
1311,terra1pykhft38fn0zlmsk7q33kp5xxhswlez8accu2k
1312,terra1n75w4sv2nzja9ex3y3h3hzr4kuukrwzmlnjkmw
1313,terra1mu9v05luynn9eacw66pdny0nfr7lyljr44f7lv
1314,terra15j8hvjgqp7e5zxrla494w35hkcymtu5q9dyu9k
1315,terra1ujg5m47rqrscq82rxqcn6hcz29vyjvmp3f2uss
1316,terra1qg0y69azds7duey2jmp95hps5nsxlhdv84ufnh
1317,terra14n7chfycdsrkt7epdl95fxjy5hm258ywfrpyxk
1318,terra1n87tu0a9v9pl4j2ehzp7cq3keexkq6c85r9d20
1319,terra1z6uz6xpehg0rpktvpx3tc73pnp7pkt3a7v3dgc
1320,terra1h4nf2h8nl2cga98e42glg4pcqugmgts62ttksp
1321,terra14fzl8p5pkpstjxp0aand725t5st2m6yr2hdv49
1322,terra1xm6wzamelul63nv3ej0qualtdpek3hft0angkc
1323,terra18rneww0drhne6034hpn7hq4j4js45jup0r57m9
1324,terra14ynzu9upx9sfsr8ueeuzqj8qkcfz95jv0t7nxk
1325,terra10ede50euff90sm0jsaqxxuwf062zy4gpy3gmhh
1326,terra1l28pky07umychj0m4gmvpm2jzzehgw8argu0e3
1327,terra1dxugag2xjet3yae6r6fnmpz3436g9hmjz3zpru
1328,terra157df2k7qy6wmdmvmsg6cz8xr7emx3vkpgepjxx
1329,terra19sczfe9j7xulj94v2x4x6yclkav0j6hvavtfsk
1330,terra12nskxnq80wdf92frfjgte5ylfv8kjl3v0yc3jj
1331,terra1zhcs4pc2rddv6tqpgmvcp8r0x38mnrpysr3w0w
1332,terra1zxtelgctj8567kwch50ps3pmy3ah3lry9dur6d
1333,terra1aj749s3mqexkn4q79htvchk48wrn2lwrqcqsrc
1334,terra1xkxdq7xxpkuavfrahvjzzag9eqxtrl939vsvrt
1335,terra1tkqpcalkt2y0ml9v9z0r6xed8qg9qj4qsn827c
1336,terra19xslqf99nx333dtt3kgx90arldjr7gap7zjcr8
1337,terra1aj749s3mqexkn4q79htvchk48wrn2lwrqcqsrc
1338,terra14k7dj7n7h5k3jyyfe0ys5dgrdyfdsm5umleyg7
1339,terra12kdhyehs7ttmt4rgc6zha0gqu0ly4y24kwu234
1340,terra1qjddnyzpc6fwz4mvkmgruwg0h3caa9h2y2xgua
1341,terra1jtx3eprj9acnnl667m4rdny6yyvtzkh0qty7l5
1342,terra18fjjhr9wd8d9t6ss9t59yz75tsd2qdgqxy5y0r
1343,terra1djkwwpgevx42h8j7zwtgtvy2zcd2z345n5kuhn
1344,terra142wkn7fd0dp5x2ymquh6tc3ddn5amspmt0qpt6
1345,terra10zjqdvghyqxw347rxcp6j6wxl2rs9dzf8gcxke
1346,terra1pjutswwgxz20fcudppsl9jecrx753xmy82dhfu
1347,terra1xm6wzamelul63nv3ej0qualtdpek3hft0angkc
1348,terra1w38xcfmz0khh2m2jvsea2m7t7hxr7flulx6642
1349,terra1zhcs4pc2rddv6tqpgmvcp8r0x38mnrpysr3w0w
1350,terra1zhcs4pc2rddv6tqpgmvcp8r0x38mnrpysr3w0w
1351,terra1zhcs4pc2rddv6tqpgmvcp8r0x38mnrpysr3w0w
1352,terra1zva05hlcg0ey5p3jqpcuy5jgsvzsg433lt94t3
1353,terra1vg774q5gmxg0lgkdvyfsnjjuj8c8rx4ljw48r9
1354,terra14qul6swv2p3vcfqk38fm8dvkezf0gj52m6a78k
1355,terra143kcg4pnlsrpmtjmkkz9kxymxwh6xew4q5gz96
1356,terra1e33ngrl883av5etggdmh2tr7ad8tg4lwh8eu9v
1357,terra1v4gs64pmg5ymld4flc959w7evpz4galmgrk77x
1358,terra10zjqdvghyqxw347rxcp6j6wxl2rs9dzf8gcxke
1359,terra1zhcs4pc2rddv6tqpgmvcp8r0x38mnrpysr3w0w
1360,terra1mruxl76ad4czj0q6gg43ua5kl5zqyavh7z2yeu
1361,terra1up6rqvaj8uyw4rtymcrla2xm02kjg6xp6a9t3p
1362,terra13d0l9aphdj34qn4fldp6dnn6jm0xz3t00ht8cj
1363,terra120w2d7883p44a7w55kesz2ad33elq7835ezp5l
1364,terra17f34xpp0nsj70p0j3gjs5q74lggz352nq5eeej
1365,terra10xzk893afxxkvyzxg9vzsde4575yjrjfapph3r
1366,terra1knrwndw5gyxefmg980xdauype82nt7qtntkqyl
1367,terra1gysw999th6hxz2u6jhyyyj92gu0ru2gutnd3xu
1368,terra14fzl8p5pkpstjxp0aand725t5st2m6yr2hdv49
1369,terra1dm9jhces9au8a6qzr9r7fdmqawu7f20385m3ja
1370,terra1xcs0n038vqxz4w93ev6yp4nruamwwnxtrlfda9
1371,terra1v0r35z27lmcrlchu4w9rjfh4vnmr695kfafun7
1372,terra1vqv5ltznha7cwv4ukd896amxep8ym88xyggxhh
1373,terra16vmqv8jyux606ulgq2h8t2vyd0k8aqh5cgeple
1374,terra1j3f8rd2ze6w82du23adqeedxxwj8kvrjp0lqs0
1375,terra1kgc83az9wpew67qems8dfk23vgd7ztuf5csycn
1376,terra1qcyu4cahf6ktngu7tp2j25tee47qq7at0l9pf8
1377,terra1w7thgttt76fqa5wzpqx2kdz32czy498jz5zucm
1378,terra1sskfcsl2j5yxenpeuw2gmrthq9ggn3grkcmwrt
1379,terra14jws5r2y3ga3hzaxe7cprj8asgm2wflcw0mxqc
1380,terra1np9wth90u64kw0cdczz4t2dauc9awmh963mhsk
1381,terra1nqnk9tpkv2k5c0k6uzphpyvq5fpsppdzvrf8py
1382,terra1rncnmk9lrlpkl40sevavn0ehuxdh7ryurf5lzn
1383,terra1aev8g6hftrqfj6zrprewnlxt86fsurt3wgmhf5
1384,terra1m45cqfm86hnzcqxwn0hqmqu72thu3v75gscmzd
1385,terra1g0s72cjwcpt8urlwtmlamma2pmjrukxjpns93r
1386,terra1qyv8lh9ht4pyzvr46xhv5p003hhda8h99480ws
1387,terra1zepph0x9ud9c9jzqwja5qsuzvryekqz8c4f6zl
1388,terra1y2z447vl7rtskx7aagllun6gfzdnz8yndpmcyq
1389,terra17545ckea5vdc0y4ptyv5g2qngu6gfj0dgll4vj
1390,terra164lwx9p7w5tty57ujwexue2wg4wjt0gz4p4uga
1391,terra10d3ggfrktv62n79y4gdhayvy5lws8x8z6jf43c
1392,terra1sudl7kaq935ncgxx4mmrcp5ffw8gayv2kwf6vk
1393,terra19y69mfwc0c4shsj23sqfa2hglun755s7wkt66g
1394,terra1aj749s3mqexkn4q79htvchk48wrn2lwrqcqsrc
1395,terra1249eetc0qq8xtfagkgvsd7x2fd4gyswre09g98
1396,terra1mu9v05luynn9eacw66pdny0nfr7lyljr44f7lv
1397,terra1mu9v05luynn9eacw66pdny0nfr7lyljr44f7lv
1398,terra1zvecfq83l640mummxk8pz9e8tqgrtyys8rlwzq
1399,terra12n0whe8pyhkuldw89mc0jsw6qx4v4plurqzzt6
1400,terra1ptcd8vrek370fx6quef05am0n0839a2w7w279q
1401,terra1ssnwkqaa7elx4mum9aax2p2uc987vhmvqsjmcy
1402,terra1mc052s2ffq824m0lrs0755ldhsehkj6mqe3ykg
1403,terra1zhcs4pc2rddv6tqpgmvcp8r0x38mnrpysr3w0w
1404,terra1478p9zx9vgcqzkzy263w5ysaj8pwysgry8q9cc
1405,terra1zhcs4pc2rddv6tqpgmvcp8r0x38mnrpysr3w0w
1406,terra1aj2zd2uaa3s5hlas3rv2du0x558k6lk9g3s89z
1407,terra1zhcs4pc2rddv6tqpgmvcp8r0x38mnrpysr3w0w
1408,terra1xcs0n038vqxz4w93ev6yp4nruamwwnxtrlfda9
1409,terra15egklh52q7c7z0yrpjcmj0kna0lml9afg4wtn8
1410,terra1f5j7jygt843cddufk49s7w5nphmske6htgj9qk
1411,terra12gh3yv303lh596w8y6l3t4ynawmtajetazc87a
1412,terra1pqkwztc3ewlpad5l6ul25u5c6ujntk7edaaa8j
1413,terra14m2l5ctg8uj96qcckqwnwudxngq22urwssh2hk
1414,terra1a3uaxr2ketl6lxps6xv0c3zjtnyzlslqnjg0tr
1415,terra1mu9v05luynn9eacw66pdny0nfr7lyljr44f7lv
1416,terra199eppwayv7slwyl03zrw67xlwey4cmc8r2u5jy
1417,terra1ztwza7wdefrmn39mg8xvy5hqkwnw35wdxl4rz7
1418,terra14adge4r5tvuvqjuvd66kgupmee8l39wnna2lg3
1419,terra1utky8y0u77kksf73ralmael3q572katvlf0krj
1420,terra1ywcj0qmuvfv6v97esqd6qyptsw2cqzya8fx4kf
1421,terra1l9886s72uzqp5ea0drs4njzg28h8s0d5q9ek5v
1422,terra1yh3kfdas4s2lx9nufqymxxs6er36xhqeeun0ry
1423,terra1dnuamrkeued8vrve335l05fceacceug53vrnwd
1424,terra1uz0swpljety3htpwuwpehr8xutrqflelncahhg
1425,terra1nx6yrz6dmmvrl7qnjelprvy76k9ddq0gercx50
1426,terra16k6m5antqyr405ruzwk763xuwtjy59gcrj4s0u
1427,terra159fxsdmk7gqrg3fklawz24kznee9xpzt789zxj
1428,terra1xm6wzamelul63nv3ej0qualtdpek3hft0angkc
1429,terra1zhcs4pc2rddv6tqpgmvcp8r0x38mnrpysr3w0w
1430,terra1zhcs4pc2rddv6tqpgmvcp8r0x38mnrpysr3w0w
1431,terra1ag449xakvj78hvyzws42l7gf9tzen8fk0sv7cc
1432,terra12ru4ya7qt45aws8qy5l56kdcs2mtz9wzc9r0tr
1433,terra152cztspxddcxkvf29r538t9ehdch4a6vmn8v06
1434,terra1efhmeua3k9zv3rpmclqr9germyj2kquvl3lyam
1435,terra16xct7cf95l0qx0t8dmv576zrgh4cwxy6dcu6aa
1436,terra1zhcs4pc2rddv6tqpgmvcp8r0x38mnrpysr3w0w
1437,terra1aj749s3mqexkn4q79htvchk48wrn2lwrqcqsrc
1438,terra18fjjhr9wd8d9t6ss9t59yz75tsd2qdgqxy5y0r
1439,terra1jxzq9gxf80ysh7mssyjuw6q3wmyv9fsm5k9rqn
1440,terra1ekk8kqd30amtg7h57qukma9350r02sklv8qx3x
1441,terra1znf9p7dec5a20v4f988fqtjlfva6vrcx2rftf9
1442,terra1n2z3j7qfqrp7yldmthn8et5c7p9jhczdrqt4sj
1443,terra1f8gqdfzkz5qcat963wdn8scxltn2q6lm3x33na
1444,terra165eq9hsghfc88mf4k6lt8wk3k47v5tx84vl4fm
1445,terra1l5ueft9awlf4kvdewpxykkscmqa0t7yc0y764h
1446,terra199up46lqkczjfrxjrt4ztdcktcnn2hv8y5zw90
1447,terra1ugs5md9sg3q9yxcnjwj0a0jtl3ueytp8f5nsja
1448,terra1qlza4svxszm7c2j6ll2z2nd6pa55dm2ud79jzu
1449,terra1yykasdfh43atkpjpqgc8udqdzmv24xw22gcq8s
1450,terra1rayzmvtu9degmjmhkvdc8ld2zm6msu9tvj6vpu
1451,terra1gqw2egvq0wmdvgqsutkh2385a6pd4wfpen392u
1452,terra1zhcs4pc2rddv6tqpgmvcp8r0x38mnrpysr3w0w
1453,terra1zhcs4pc2rddv6tqpgmvcp8r0x38mnrpysr3w0w
1454,terra1zhcs4pc2rddv6tqpgmvcp8r0x38mnrpysr3w0w
1455,terra1zhcs4pc2rddv6tqpgmvcp8r0x38mnrpysr3w0w
1456,terra1lu6tnzn6k3jlddd0hnaedgu92k6djn3nlh6ufp
1457,terra1qsxmz5gn7kms5zujl5scexhggegpefs952nupy
1458,terra1vgjy3ukrrzyy7x8cvzfvh4ct20380z9te88yua
1459,terra1ngtj7q49aut4phj033rlsmck3y6sldc753l6kw
1460,terra187tcv92rh2asrmtk3fje3x3hc6hk6099tkhuu8
1461,terra18fjjhr9wd8d9t6ss9t59yz75tsd2qdgqxy5y0r
1462,terra1vnpphd4qvjth5lhg9d6g4ytrd679gc9nc7n4lv
1463,terra1j0ujs4eyavddnr64x64y9mfxu9yw3hwx5ajy85
1464,terra1nfafze3lmwgmn4g64cvsu2784du3aevwmyg4an
1465,terra1fshs6mjgrv3l8nj464lgwpllfpgddgdl2a5d9r
1466,terra18fdcjpvve007wqfr2x2vx6wxcunt2qww7qq6mh
1467,terra1qg0y69azds7duey2jmp95hps5nsxlhdv84ufnh
1468,terra1qzz4nm9vtt9kgr8ylz7jlrzcqdtm9dmxg8r57l
1469,terra1tw8qtj8y2nu0tdt8gscdpxuknlxj9ttzadq076
1470,terra1zhcs4pc2rddv6tqpgmvcp8r0x38mnrpysr3w0w
1471,terra1xkk2lg9mzr7yfa3vpcj9tpqf436hy9qxs2hnmq
1472,terra1w206fxmy4c23zh5szpgzpdley70y07fyyp6k7l
1473,terra1gkchs6p8wqaz9rutfnqc3hx0qnh2mwkra6tzfz
1474,terra14qffvgcjvvz7fy46sdakgmlnn8jxzzngs0p7s8
1475,terra1qc080x72xek3pyvk7wkzescgvg2rcxua3hwrnm
1476,terra1rccr67f2ahjg84jwdaeluyeyxj05enwkm5hzza
1477,terra1tpp45pqzqpre0l7xsjvgs6gqmvnzca862m9ezr
1478,terra18fjjhr9wd8d9t6ss9t59yz75tsd2qdgqxy5y0r
1479,terra19td85lqq4m42n898xtf9fq06euxshfptsn7d5n
1480,terra1xv8nnar76ep3fxak753hrzcav8wy3sn9ymnvkp
1481,terra1lydclrqctvhqcxcqdru2k426h2sjprsl973dgj
1482,terra16708utgawu7k4l0drtx5k7vyfrnzfzv59uwxs4
1483,terra1zhcs4pc2rddv6tqpgmvcp8r0x38mnrpysr3w0w
1484,terra15fvfzsyc44xscw7kckuuf9y0art6tmc46njnj5
1485,terra1ham8hm3d9s4frgv7uyc9gdwkcp2el5ew53u5k4
1486,terra1rykvwqsphrmrs9xj72v7e8swvp839cdujxw4fm
1487,terra1gysw999th6hxz2u6jhyyyj92gu0ru2gutnd3xu
1488,terra19dvtavfhq0xedypz7rmxqlm9gj39a0hc0yxl77
1489,terra1aj749s3mqexkn4q79htvchk48wrn2lwrqcqsrc
1490,terra1p993n0zff8nntpcr74r3vk8vgnv0chl3vlxxd2
1491,terra1qu8cjja7taz89d9w7mvv0y608vtyhmlqpwg78l
1492,terra1efgwq5m63d4njhdded6thf6keq6622hjg3qkkm
1493,terra1e59d4dvvyww7mr88fv2hxx6l3gqs8s63ztjz9n
1494,terra10r0mnapkjycw65jg99aejx4kd6w2mu2sakdszm
1495,terra167jx0cs890ak7ktrcfzrm95ynvdw0hn8e4e622
1496,terra1acp2rn4fw2fglycgmy9ggpy7u4a4l08fv0rvj7
1497,terra1vn9rjj93mf4ks6wdl3wn9k6qa36cgzmttj7z2k
1498,terra1wtcx9xskhp320cujpjgdtpudhqz8jr73c28ute
1499,terra14jws5r2y3ga3hzaxe7cprj8asgm2wflcw0mxqc
1500,terra1zhcs4pc2rddv6tqpgmvcp8r0x38mnrpysr3w0w
1501,terra1vkrdzwum9vapc64uj986wdtcd4ypve8rlrpf89
1502,terra1rkthqr907k3eey2tspnfr8mxzmje9v30f7gqs7
1503,terra1jpj58cr39k9pm0zplq2yz9a7nechucwaemsxh8
1504,terra1u5mgndqwn44jvg2w9cum6u2xwqqmklghjrvfc2
1505,terra1yy0hm3f872r7t8rhf3drhwu8h88sd87yuzal7t
1506,terra1gkchs6p8wqaz9rutfnqc3hx0qnh2mwkra6tzfz
1507,terra1hvf7kgh2pd87rujhkw96avx8chhzm3jledty7z
1508,terra1zhcs4pc2rddv6tqpgmvcp8r0x38mnrpysr3w0w
1509,terra1e9vstkumlydcxg5cthgg8mfpj7vhqec4dhgsyw
1510,terra1z85wad2yn44u8zmfcr6y0c5cqm9uc4nlzlfdx4
1511,terra1vy6xeq2qvq3vywk64ayzyg2lzpjlzjktdpsvuw
1512,terra1xs6zz4fh2skz2e3n0uns2l2e5rhyrafp4j36rz
1513,terra1v9s5knddwmtkkz662r72k77pzekdpug7jyr4lv
1514,terra1r34vx9xky3ryctt78x7dw7df70l9x8r6zhkens
1515,terra14fhssytrujau0mp40g4sctddm52qcgegp698up
1516,terra1rsaxl3cfrp589xyxg3k7rwghsy755xgd86892g
1517,terra1034kewxnd3qe4u4f89fky537adkr7jsmuvtkhm
1518,terra1h793w0dy73m2p94tf0lrt6fg8n60jen0lxphk3
1519,terra1nfafze3lmwgmn4g64cvsu2784du3aevwmyg4an
1520,terra13dlfdesck9yku4v0cn6psvvv6u3uxd3zwshedf
1521,terra16y4deky5mmcdgnx3ar538y7w7d6zh69qxdgjf4
1522,terra12n7hcem8umd6re250wcesk3hfd48ymkqp2s6gg
1523,terra18xmdz2c5ckaypzztk9t4yx2mww794ax80rc8u2
1524,terra1y30nk3g3vjep4dlgyjgwz7y9866rx4u8l5yqr7
1525,terra12m667d9fw4u9zdx9ez2j95gfs4gp68p58ztds0
1526,terra1vnpphd4qvjth5lhg9d6g4ytrd679gc9nc7n4lv
1527,terra1wc8nj0kukghqxwjs2z4y35e93npv0uymmchtt2
1528,terra1hyk9c093vxdtwfup62lwg2k2fzkuttjzrsngyt
1529,terra1e8uwt9ns5h4emwl4eu90mlz68cm307s7970nvg
1530,terra1tpp45pqzqpre0l7xsjvgs6gqmvnzca862m9ezr
1531,terra1e35h9sgq2eyf2mgj0yvvuxl5zuxu0q3eym6zz6
1532,terra1x0njjcge9xykawm7dy48va89vj6wvj77wy3a6k
1533,terra17tzdkmyy59v8c84wqrwj79smv8e0clukfe5e83
1534,terra1zhcs4pc2rddv6tqpgmvcp8r0x38mnrpysr3w0w
1535,terra1zcfdvw3s94f6ky9t6ck7e2g70e6zjfda0vtdqn
1536,terra1zhcs4pc2rddv6tqpgmvcp8r0x38mnrpysr3w0w
1537,terra1w9x2a32jsrexvg2u49wafz92f9fe7wdszg835p
1538,terra1wkvpdke05hynvae4qn9w3rjxk7rcxhpp68ruuf
1539,terra1cxscz0cs35h857at9rtk22ary3mh99rxxuuxs0
1540,terra1zhcs4pc2rddv6tqpgmvcp8r0x38mnrpysr3w0w
1541,terra1emf7rt84cuegtx5hd8xztshxculkx3gs80kugj
1542,terra19ljp03mkey6njkwawtsdjzl3f622gtac0h7mmd
1543,terra1mu9v05luynn9eacw66pdny0nfr7lyljr44f7lv
1544,terra1zhcs4pc2rddv6tqpgmvcp8r0x38mnrpysr3w0w
1545,terra1zhcs4pc2rddv6tqpgmvcp8r0x38mnrpysr3w0w
1546,terra1a0c73q0mcz6uwkwj2xhxgl3gkwscdh7vry0ap4
1547,terra1xnn9eavu2r8v6wpg9ex0zz6rjw4uxc6xxk3d4l
1548,terra1pd92d3vs7pxzamyjucsfkv3yf6s7d88h8zze59
1549,terra1vy6xeq2qvq3vywk64ayzyg2lzpjlzjktdpsvuw
1550,terra19dpaawj3fez8wwtnszen67avveyehsecuh44zl
1551,terra143vxv356x06k476kp2gxhultwv2zvlgcq02f4z
1552,terra1dvk649ydmxytj8fylgfre42v3sdyqm72z2mmdc
1553,terra14uapeeadtcx6nwjtyrgwt3wfptmn5eck68x4dd
1554,terra1smgt6psyfkqtq8xx58mqpqdcwn898h76et0mm2
1555,terra1knrwndw5gyxefmg980xdauype82nt7qtntkqyl
1556,terra1zrkmtegnr8fc520pvxe97994jjpm8qmldy7r6e
1557,terra1zhcs4pc2rddv6tqpgmvcp8r0x38mnrpysr3w0w
1558,terra1rnzlfsx6lxeenvdnulgxv703tv9ntfnfmvs056
1559,terra15ryvkhu7p76ypndxnaq8h4c4anhnhm9kq5pxdf
1560,terra1ak5kne3r0z92y5t0sp33xlz29n3w09f9hhjug9
1561,terra1vm57xu83zlv44f39s9r35tsce4wqe3v4v0nsxx
1562,terra107ydfkxpfmyv3wh63lj4wesg6s6fmst9xkqeaw
1563,terra1j8d030qlxrgwnmyqsngsyz4pe5f0j0heg83z5j
1564,terra1q4kr8l379tg4agtszp9gwvlamlm4ld5kyls7jd
1565,terra1qlza4svxszm7c2j6ll2z2nd6pa55dm2ud79jzu
1566,terra12m787c0trgny5tkz5kgtnhda5yddv92y0f9yj3
1567,terra1lqu4uytwtt2782agaf47h8vgr85kuj97jm8uh0
1568,terra1lz2845jd63zj2l62un6jlx7hvsn7mr5wufhq0r
1569,terra1tys8hftny2xkew5eql55f6tw4sv2rnc08krzav
1570,terra1wzlk5a7cu0ypsny7f3spfyn50ullg4pp5py5jr
1571,terra1l5zkg43sufcx6pext4nwdn9g7nwn8xujxu7u2d
1572,terra17zmdgfh96lg43jjeh0xkgrg67u45n5l34vahpp
1573,terra1d2z4l6a735stsgaxute9p7c0dxv6rxhk00yynq
1574,terra16h705fv2vp6s5udx24479n4642q7kdc6t7gmu0
1575,terra1dyu2rvykn5wkhp2jwa90a9fkqwk88z62mk47nf
1576,terra133ct2l5mk0jxgqay0nc9f9vfyy5xm3vu9dj93r
1577,terra1gkchs6p8wqaz9rutfnqc3hx0qnh2mwkra6tzfz
1578,terra1jud56d7phx5g3889mfzymc9qr5mqggyemdfmjq
1579,terra19m96trxr9qjz8qekv6q9lqzyes9eaxr4dhre20
1580,terra1clj4h82sndjpkaqez4xy5sef0mpr5796fe468e
1581,terra10agfrk9qzupy5mnxjzn7ar9zzcq50ydsswtqy7
1582,terra1q8vpntt0c9067e3kmcexw22avsuwu0y2nf6ye8
1583,terra1cygfrwf0f2vynh0shh4fcffnw42x6u0h3sd6kn
1584,terra1uz0swpljety3htpwuwpehr8xutrqflelncahhg
1585,terra1tu0lx26n8vjkpfjrjdyktnvt3wqfdtup65lyj5
1586,terra1wk64qualth8lqsp5l7785fst78lmf23c879khj
1587,terra1y9vhhdjduwz7nf750qmlatnfwezjxgnrzs0wqn
1588,terra180zsl8pe9mwgwn5acsq4cx78v4j8apj0ds265w
1589,terra1hv40yrhsqp7pa8cuqxvks38ujtl3hg785n6yzk
1590,terra1aec7erna79tqarwv5rwq65k7jgn5gffz9xjg3t
1591,terra1zhcs4pc2rddv6tqpgmvcp8r0x38mnrpysr3w0w
1592,terra1ak672uz865ydaa85a57fj9rl2e9ngukgfs54vu
1593,terra1u5juf6y5enghj3e0hcxcnjlkcjk550f5g64ulj
1594,terra1a8daucv8u02rvyxkm5fpf2t7rj9fxzcmelhuu3
1595,terra1zhcs4pc2rddv6tqpgmvcp8r0x38mnrpysr3w0w
1596,terra1w0lyt22lvtu7ld6n725fgshaw2cmw8qknlstfw
1597,terra1zcfdvw3s94f6ky9t6ck7e2g70e6zjfda0vtdqn
1598,terra1mu9v05luynn9eacw66pdny0nfr7lyljr44f7lv
1599,terra1jqgpcqhqnmsjt7j5vu52gpt220vu08ayxns43g
1600,terra1pal2qnksja9g95e5zymn6c8m39fw9dhl27uszs
1601,terra1zhcs4pc2rddv6tqpgmvcp8r0x38mnrpysr3w0w
1602,terra1yqq3w84vrl0drhhkp00ahjc53u5dhed95zq8ff
1603,terra1mz9lwmc73083jlq2rfty6u7wxqjqnfycy94m2e
1604,terra173j8mqd456r0fmsewe8jv2q2cp9z2a2k6nqcm2
1605,terra1ykc72yddm5gjedpd3v7wny8zrd55zr6rrt3l46
1606,terra1g7dn9yqaen30ez6rqd8zvchdj25drvrgsuyuzt
1607,terra1szd7xvhq9ge4cj0hqrulv99hq6gdrf6gk7zxjh
1608,terra1eu6kx9ey0lmhyzv7j27mku8jzf9a8vka6wh55p
1609,terra1lkpm2tsc36874y2g0rkkdfs7q6kcj4qt6jwgaj
1610,terra1v0w45gz5dl9jdkn27tq836ug706nm8lpw8ymnq
1611,terra18fjjhr9wd8d9t6ss9t59yz75tsd2qdgqxy5y0r
